code_script,iso_639_3,iso_639_2,Lang
aai_Latn,aai,aai,Arifama-Miniafia
aak_Latn,aak,aak,Ankave
aau_Latn,aau,aau,Abau
aaz_Latn,aaz,aaz,Amarasi
aba_Latn,aba,aba,Abé
abi_Latn,abi,abi,Abidji
abk_Cyrl,abk,ab,Abkhazian
abn_Latn,abn,abn,Abua
abq_Cyrl,abq,abq,Abaza
abs_Latn,abs,abs,Ambonese Malay
abt_Latn,abt,abt,Ambulas
abx_Latn,abx,abx,Inabaknon
aby_Latn,aby,aby,Aneme Wake
abz_Latn,abz,abz,Abui
aca_Latn,aca,aca,Achagua
acd_Latn,acd,acd,Gikyode
ace_Arab,ace,ace,Achinese
ace_Latn,ace,ace,Achinese
acf_Latn,acf,acf,Saint Lucian Creole French
ach_Latn,ach,ach,Acoli
acm_Arab,acm,acm,Mesopotamian Arabic
acn_Latn,acn,acn,Achang
acr_Latn,acr,acr,Achi
acu_Latn,acu,acu,Achuar-Shiwiar
ada_Latn,ada,ada,Adangme
ade_Latn,ade,ade,Adele
adh_Latn,adh,adh,Adhola
adi_Latn,adi,adi,Adi
adj_Latn,adj,adj,Adioukrou
adl_Latn,adl,adl,Galo
ady_Cyrl,ady,ady,Adyghe
adz_Latn,adz,adz,Adzera
aeb_Arab,aeb,aeb,Tunisian Arabic
aer_Latn,aer,aer,Eastern Arrernte
aeu_Latn,aeu,aeu,Akeu
aey_Latn,aey,aey,Amele
afr_Latn,afr,af,Afrikaans
agd_Latn,agd,agd,Agarabi
agg_Latn,agg,agg,Angor
agm_Latn,agm,agm,Angaataha
agn_Latn,agn,agn,Agutaynen
agr_Latn,agr,agr,Aguaruna
agt_Latn,agt,agt,Central Cagayan Agta
agu_Latn,agu,agu,Aguacateco
agw_Latn,agw,agw,Kahua
agx_Cyrl,agx,agx,Aghul
aha_Latn,aha,aha,Ahanta
ahk_Latn,ahk,ahk,Akha
aia_Latn,aia,aia,Arosi
aii_Syrc,aii,aii,Assyrian Neo-Aramaic
aim_Latn,aim,aim,Aimol
ain_Latn,ain,ain,Ainu (Japan)
ajg_Latn,ajg,ajg,Aja (Benin)
aji_Latn,aji,aji,Ajië
ajp_Arab,ajp,ajp,South Levantine Arabic
ajz_Latn,ajz,ajz,Amri Karbi
akb_Latn,akb,akb,Batak Angkola
ake_Latn,ake,ake,Akawaio
akh_Latn,akh,akh,Angal Heneng
akp_Latn,akp,akp,Siwu
ald_Latn,ald,ald,Alladian
alj_Latn,alj,alj,Alangan
aln_Latn,aln,aln,Gheg Albanian
alp_Latn,alp,alp,Alune
alq_Latn,alq,alq,Algonquin
als_Latn,als,als,Tosk Albanian
alt_Cyrl,alt,alt,Southern Altai
aly_Latn,aly,aly,Alyawarr
alz_Latn,alz,alz,Alur
ame_Latn,ame,ame,Yanesha'
amf_Latn,amf,amf,Hamer-Banna
amh_Ethi,amh,am,Amharic
ami_Latn,ami,ami,Amis
amk_Latn,amk,amk,Ambai
amm_Latn,amm,amm,Ama (Papua New Guinea)
amn_Latn,amn,amn,Amanab
amp_Latn,amp,amp,Alamblak
amr_Latn,amr,amr,Amarakaeri
amu_Latn,amu,amu,Guerrero Amuzgo
amx_Latn,amx,amx,Anmatyerre
ang_Latn,ang,ang,Old English (ca. 450-1100)
anm_Latn,anm,anm,Anal
ann_Latn,ann,ann,Obolo
anp_Deva,anp,anp,Angika
anv_Latn,anv,anv,Denya
any_Latn,any,any,Anyin
aoi_Latn,aoi,aoi,Anindilyakwa
aoj_Latn,aoj,aoj,Mufian
aom_Latn,aom,aom,Ömie
aoz_Latn,aoz,aoz,Uab Meto
apb_Latn,apb,apb,Sa'a
apc_Arab,apc,apc,Levantine Arabic
ape_Latn,ape,ape,Bukiyip
apn_Latn,apn,apn,Apinayé
apr_Latn,apr,apr,Arop-Lokep
apt_Latn,apt,apt,Apatani
apu_Latn,apu,apu,Apurinã
apw_Latn,apw,apw,Western Apache
apy_Latn,apy,apy,Apalaí
apz_Latn,apz,apz,Safeyoka
aqz_Latn,aqz,aqz,Akuntsu
arb_Arab,arb,arb,Standard Arabic
arb_Latn,arb,arb,Standard Arabic
are_Latn,are,are,Western Arrarnta
arg_Latn,arg,an,Aragonese
arl_Latn,arl,arl,Arabela
arn_Latn,arn,arn,Mapudungun
arp_Latn,arp,arp,Arapaho
arq_Arab,arq,arq,Algerian Arabic
arr_Latn,arr,arr,Karo (Brazil)
ars_Arab,ars,ars,Najdi Arabic
ary_Arab,ary,ary,Moroccan Arabic
arz_Arab,arz,arz,Egyptian Arabic
asg_Latn,asg,asg,Cishingini
asm_Beng,asm,as,Assamese
asm_Latn,asm,as,Assamese
aso_Latn,aso,aso,Dano
ast_Latn,ast,ast,Asturian
ata_Latn,ata,ata,Pele-Ata
atb_Latn,atb,atb,Zaiwa
atd_Latn,atd,atd,Ata Manobo
atg_Latn,atg,atg,Ivbie North-Okpela-Arhe
ati_Latn,ati,ati,Attié
atj_Latn,atj,atj,Atikamekw
atq_Latn,atq,atq,Aralle-Tabulahan
att_Latn,att,att,Pamplona Atta
auc_Latn,auc,auc,Waorani
aui_Latn,aui,aui,Anuki
auy_Latn,auy,auy,Awiyaana
ava_Cyrl,ava,av,Avaric
avk_Latn,avk,avk,Kotava
avn_Latn,avn,avn,Avatime
avt_Latn,avt,avt,Au
avu_Latn,avu,avu,Avokaya
awa_Deva,awa,awa,Awadhi
awb_Latn,awb,awb,Awa (Papua New Guinea)
awi_Latn,awi,awi,Aekyom
awx_Latn,awx,awx,Awara
ayo_Latn,ayo,ayo,Ayoreo
ayp_Arab,ayp,ayp,North Mesopotamian Arabic
ayr_Latn,ayr,ayr,Central Aymara
azb_Arab,azb,azb,South Azerbaijani
azg_Latn,azg,azg,San Pedro Amuzgos Amuzgo
azj_Cyrl,azj,azj,North Azerbaijani
azj_Latn,azj,azj,North Azerbaijani
azz_Latn,azz,azz,Highland Puebla Nahuatl
bak_Cyrl,bak,ba,Bashkir
bam_Latn,bam,bm,Bambara
ban_Latn,ban,ban,Balinese
bao_Latn,bao,bao,Waimaha
bar_Latn,bar,bar,Bavarian
bas_Latn,bas,bas,Basa (Cameroon)
bav_Latn,bav,bav,Vengo
bba_Latn,bba,bba,Baatonum
bbb_Latn,bbb,bbb,Barai
bbc_Latn,bbc,bbc,Batak Toba
bbj_Latn,bbj,bbj,Ghomálá'
bbk_Latn,bbk,bbk,Babanki
bbo_Latn,bbo,bbo,Northern Bobo Madaré
bbr_Latn,bbr,bbr,Girawa
bcc_Arab,bcc,bcc,Southern Balochi
bch_Latn,bch,bch,Bariai
bci_Latn,bci,bci,Baoulé
bcl_Latn,bcl,bcl,Central Bikol
bco_Latn,bco,bco,Kaluli
bcw_Latn,bcw,bcw,Bana
bdd_Latn,bdd,bdd,Bunama
bdh_Latn,bdh,bdh,Baka (South Sudan)
bdq_Latn,bdq,bdq,Bahnar
bea_Latn,bea,bea,Beaver
bef_Latn,bef,bef,Benabena
bel_Cyrl,bel,be,Belarusian
bem_Latn,bem,bem,Bemba (Zambia)
ben_Beng,ben,bn,Bengali
ben_Latn,ben,bn,Bengali
beq_Latn,beq,beq,Beembe
bew_Latn,bew,bew,Betawi
bex_Latn,bex,bex,Jur Modo
bfd_Latn,bfd,bfd,Bafut
bfo_Latn,bfo,bfo,Malba Birifor
bgr_Latn,bgr,bgr,Bawm Chin
bgs_Latn,bgs,bgs,Tagabawa
bgt_Latn,bgt,bgt,Bughotu
bgz_Latn,bgz,bgz,Banggai
bhg_Latn,bhg,bhg,Binandere
bhl_Latn,bhl,bhl,Bimin
bho_Deva,bho,bho,Bhojpuri
bhp_Latn,bhp,bhp,Bima
bhw_Latn,bhw,bhw,Biak
bhz_Latn,bhz,bhz,Bada (Indonesia)
bib_Latn,bib,bib,Bissa
big_Latn,big,big,Biangai
bim_Latn,bim,bim,Bimoba
bin_Latn,bin,bin,Bini
bis_Latn,bis,bi,Bislama
biu_Latn,biu,biu,Biete
biv_Latn,biv,biv,Southern Birifor
bjn_Arab,bjn,bjn,Banjar
bjn_Latn,bjn,bjn,Banjar
bjp_Latn,bjp,bjp,Fanamaket
bjr_Latn,bjr,bjr,Binumarien
bjv_Latn,bjv,bjv,Bedjond
bkd_Latn,bkd,bkd,Binukid
bkl_Latn,bkl,bkl,Berik
bkq_Latn,bkq,bkq,Bakairí
bku_Latn,bku,bku,Buhid
bkv_Latn,bkv,bkv,Bekwarra
bla_Latn,bla,bla,Siksika
blh_Latn,blh,blh,Kuwaa
blk_Mymr,blk,blk,Pa'o Karen
blt_Latn,blt,blt,Tai Dam
blw_Latn,blw,blw,Balangao
blz_Latn,blz,blz,Balantak
bmh_Latn,bmh,bmh,Kein
bmk_Latn,bmk,bmk,Ghayavi
bmq_Latn,bmq,bmq,Bomu
bmr_Latn,bmr,bmr,Muinane
bmu_Latn,bmu,bmu,Somba-Siawari
bmv_Latn,bmv,bmv,Bum
bnj_Latn,bnj,bnj,Eastern Tawbuid
bno_Latn,bno,bno,Bantoanon
bnp_Latn,bnp,bnp,Bola
boa_Latn,boa,boa,Bora
bod_Tibt,bod,bo,Tibetan
boj_Latn,boj,boj,Anjam
bom_Latn,bom,bom,Berom
bon_Latn,bon,bon,Bine
bor_Latn,bor,bor,Borôro
bos_Latn,bos,bs,Bosnian
bov_Latn,bov,bov,Tuwuli
box_Latn,box,box,Buamu
bpr_Latn,bpr,bpr,Koronadal Blaan
bps_Latn,bps,bps,Sarangani Blaan
bpy_Beng,bpy,bpy,Bishnupriya
bqc_Latn,bqc,bqc,Boko (Benin)
bqj_Latn,bqj,bqj,Bandial
bqp_Latn,bqp,bqp,Busa
bre_Latn,bre,br,Breton
brh_Arab,brh,brh,Brahui
bru_Latn,bru,bru,Eastern Bru
brx_Deva,brx,brx,Bodo (India)
brx_Latn,brx,brx,Bodo (India)
bsc_Latn,bsc,bsc,Bassari
bsn_Latn,bsn,bsn,Barasana-Eduria
bsp_Latn,bsp,bsp,Baga Sitemu
bsq_Latn,bsq,bsq,Bassa
bss_Latn,bss,bss,Akoose
btd_Latn,btd,btd,Batak Dairi
bth_Latn,bth,bth,Biatah Bidayuh
bts_Latn,bts,bts,Batak Simalungun
btt_Latn,btt,btt,Bete-Bendi
btx_Latn,btx,btx,Batak Karo
bud_Latn,bud,bud,Ntcham
bug_Latn,bug,bug,Buginese
buk_Latn,buk,buk,Bugawac
bul_Cyrl,bul,bg,Bulgarian
bum_Latn,bum,bum,Bulu (Cameroon)
bus_Latn,bus,bus,Bokobaru
bvc_Latn,bvc,bvc,Baelelea
bvd_Latn,bvd,bvd,Baeggu
bvr_Latn,bvr,bvr,Burarra
bvz_Latn,bvz,bvz,Bauzi
bwd_Latn,bwd,bwd,Bwaidoka
bwi_Latn,bwi,bwi,Baniwa
bwq_Latn,bwq,bwq,Southern Bobo Madaré
bwu_Latn,bwu,bwu,Buli (Ghana)
bxh_Latn,bxh,bxh,Buhutu
bxr_Cyrl,bxr,bxr,Russia Buriat
byr_Latn,byr,byr,Baruya
byv_Latn,byv,byv,Medumba
byx_Latn,byx,byx,Qaqet
bzd_Latn,bzd,bzd,Bribri
bzh_Latn,bzh,bzh,Mapos Buang
bzi_Thai,bzi,bzi,Bisu
bzj_Latn,bzj,bzj,Belize Kriol English
caa_Latn,caa,caa,Chortí
cab_Latn,cab,cab,Garifuna
cac_Latn,cac,cac,Chuj
caf_Latn,caf,caf,Southern Carrier
cag_Latn,cag,cag,Nivaclé
cak_Latn,cak,cak,Kaqchikel
cao_Latn,cao,cao,Chácobo
cap_Latn,cap,cap,Chipaya
caq_Latn,caq,caq,Car Nicobarese
car_Latn,car,car,Galibi Carib
cas_Latn,cas,cas,Tsimané
cat_Latn,cat,ca,Catalan
cav_Latn,cav,cav,Cavineña
cax_Latn,cax,cax,Chiquitano
cbc_Latn,cbc,cbc,Carapana
cbi_Latn,cbi,cbi,Chachi
cbk_Latn,cbk,cbk,Chavacano
cbr_Latn,cbr,cbr,Cashibo-Cacataibo
cbs_Latn,cbs,cbs,Cashinahua
cbt_Latn,cbt,cbt,Chayahuita
cbu_Latn,cbu,cbu,Candoshi-Shapra
cbv_Latn,cbv,cbv,Cacua
cce_Latn,cce,cce,Chopi
cco_Latn,cco,cco,Comaltepec Chinantec
ccp_Latn,ccp,ccp,Chakma
cdf_Latn,cdf,cdf,Chiru
ceb_Latn,ceb,ceb,Cebuano
ceg_Latn,ceg,ceg,Chamacoco
cek_Latn,cek,cek,Eastern Khumi Chin
ces_Latn,ces,cs,Czech
cfm_Latn,cfm,cfm,Falam Chin
cgc_Latn,cgc,cgc,Kagayanen
cgg_Latn,cgg,cgg,Chiga
cha_Latn,cha,ch,Chamorro
chd_Latn,chd,chd,Highland Oaxaca Chontal
che_Cyrl,che,ce,Chechen
chf_Latn,chf,chf,Tabasco Chontal
chj_Latn,chj,chj,Ojitlán Chinantec
chk_Latn,chk,chk,Chuukese
cho_Latn,cho,cho,Choctaw
chq_Latn,chq,chq,Quiotepec Chinantec
chr_Cher,chr,chr,Cherokee
chr_Latn,chr,chr,Cherokee
chu_Cyrl,chu,cu,Church Slavic
chv_Cyrl,chv,cv,Chuvash
chw_Latn,chw,chw,Chuwabu
chz_Latn,chz,chz,Ozumacín Chinantec
cjk_Latn,cjk,cjk,Chokwe
cjo_Latn,cjo,cjo,Ashéninka Pajonal
cjp_Latn,cjp,cjp,Cabécar
cjs_Cyrl,cjs,cjs,Shor
cjv_Latn,cjv,cjv,Chuave
ckb_Arab,ckb,ckb,Central Kurdish
ckm_Latn,ckm,ckm,Chakavian
cko_Latn,cko,cko,Anufo
ckt_Cyrl,ckt,ckt,Chukot
cle_Latn,cle,cle,Lealao Chinantec
clu_Latn,clu,clu,Caluyanun
cly_Latn,cly,cly,Eastern Highland Chatino
cme_Latn,cme,cme,Cerma
cmn_Hani,cmn,zh,Mandarin Chinese
cmo_Khmr,cmo,cmo,Central Mnong
cmo_Latn,cmo,cmo,Central Mnong
cmr_Latn,cmr,cmr,Mro-Khimi Chin
cnh_Latn,cnh,cnh,Hakha Chin
cni_Latn,cni,cni,Asháninka
cnk_Latn,cnk,cnk,Khumi Chin
cnl_Latn,cnl,cnl,Lalana Chinantec
cnr_Latn,cnr,cnr,Montenegrin
cnt_Latn,cnt,cnt,Tepetotutla Chinantec
cnw_Latn,cnw,cnw,Ngawn Chin
coe_Latn,coe,coe,Koreguaje
cof_Latn,cof,cof,Colorado
cok_Latn,cok,cok,Santa Teresa Cora
con_Latn,con,con,Cofán
cop_Copt,cop,cop,Coptic
cor_Latn,cor,kw,Cornish
cos_Latn,cos,co,Corsican
cot_Latn,cot,cot,Caquinte
cou_Latn,cou,cou,Wamey
cpa_Latn,cpa,cpa,Palantla Chinantec
cpb_Latn,cpb,cpb,Ucayali-Yurúa Ashéninka
cpc_Latn,cpc,cpc,Ajyíninka Apurucayali
cpu_Latn,cpu,cpu,Pichis Ashéninka
cpy_Latn,cpy,cpy,South Ucayali Ashéninka
crh_Cyrl,crh,crh,Crimean Tatar
crh_Latn,crh,crh,Crimean Tatar
cri_Latn,cri,cri,Sãotomense
crj_Cans,crj,crj,Southern East Cree
crk_Cans,crk,crk,Plains Cree
crk_Latn,crk,crk,Plains Cree
crl_Cans,crl,crl,Northern East Cree
crm_Cans,crm,crm,Moose Cree
crn_Latn,crn,crn,El Nayar Cora
crs_Latn,crs,crs,Seselwa Creole French
crt_Latn,crt,crt,Iyojwa'ja Chorote
crx_Latn,crx,crx,Carrier
csb_Latn,csb,csb,Kashubian
csk_Latn,csk,csk,Jola-Kasa
cso_Latn,cso,cso,Sochiapam Chinantec
csw_Cans,csw,csw,Swampy Cree
csw_Latn,csw,csw,Swampy Cree
csy_Latn,csy,csy,Siyin Chin
cta_Latn,cta,cta,Tataltepec Chatino
ctd_Latn,ctd,ctd,Tedim Chin
cto_Latn,cto,cto,Emberá-Catío
ctp_Latn,ctp,ctp,Western Highland Chatino
ctu_Latn,ctu,ctu,Chol
cub_Latn,cub,cub,Cubeo
cuc_Latn,cuc,cuc,Usila Chinantec
cui_Latn,cui,cui,Cuiba
cuk_Latn,cuk,cuk,San Blas Kuna
cul_Latn,cul,cul,Culina
cut_Latn,cut,cut,Teutila Cuicatec
cux_Latn,cux,cux,Tepeuxila Cuicatec
cwd_Cans,cwd,cwd,Woods Cree
cwe_Latn,cwe,cwe,Kwere
cwt_Latn,cwt,cwt,Kuwaataay
cya_Latn,cya,cya,Nopala Chatino
cym_Latn,cym,cy,Welsh
czt_Latn,czt,czt,Zotung Chin
daa_Latn,daa,daa,Dangaléat
dad_Latn,dad,dad,Marik
daf_Latn,daf,daf,Dan
dag_Latn,dag,dag,Dagbani
dah_Latn,dah,dah,Gwahatike
dak_Latn,dak,dak,Dakota
dan_Latn,dan,da,Danish
dar_Cyrl,dar,dar,Dargwa
dbq_Latn,dbq,dbq,Daba
ddg_Latn,ddg,ddg,Fataluku
ddn_Latn,ddn,ddn,Dendi (Benin)
ded_Latn,ded,ded,Dedua
des_Latn,des,des,Desano
deu_Latn,deu,de,German
dga_Latn,dga,dga,Southern Dagaare
dgc_Latn,dgc,dgc,Casiguran Dumagat Agta
dgi_Latn,dgi,dgi,Northern Dagara
dgr_Latn,dgr,dgr,Dogrib
dgz_Latn,dgz,dgz,Daga
dhg_Latn,dhg,dhg,Dhangu-Djangu
dhm_Latn,dhm,dhm,Zemba
dhv_Latn,dhv,dhv,Dehu
did_Latn,did,did,Didinga
dig_Latn,dig,dig,Digo
dik_Latn,dik,dik,Southwestern Dinka
dip_Latn,dip,dip,Northeastern Dinka
diq_Latn,diq,diq,Dimli (individual language)
dis_Latn,dis,dis,Dimasa
diu_Latn,diu,diu,Diriku
div_Thaa,div,dv,Dhivehi
dje_Latn,dje,dje,Zarma
djk_Latn,djk,djk,Eastern Maroon Creole
djr_Latn,djr,djr,Djambarrpuyngu
dks_Latn,dks,dks,Southeastern Dinka
dln_Latn,dln,dln,Darlong
dng_Cyrl,dng,dng,Dungan
dnj_Latn,dnj,dnj,Dan
dnw_Latn,dnw,dnw,Western Dani
dob_Latn,dob,dob,Dobu
doi_Deva,doi,doi,Dogri (macrolanguage)
dop_Latn,dop,dop,Lukpa
dos_Latn,dos,dos,Dogosé
dow_Latn,dow,dow,Doyayo
drg_Latn,drg,drg,Rungus
dru_Latn,dru,dru,Rukai
dsb_Latn,dsb,dsb,Lower Sorbian
dsh_Latn,dsh,dsh,Daasanach
dtb_Latn,dtb,dtb,Labuk-Kinabatangan Kadazan
dtp_Latn,dtp,dtp,Kadazan Dusun
dts_Latn,dts,dts,Toro So Dogon
dty_Deva,dty,dty,Dotyali
dua_Latn,dua,dua,Duala
due_Latn,due,due,Umiray Dumaget Agta
dug_Latn,dug,dug,Duruma
duo_Latn,duo,duo,Dupaninan Agta
dur_Latn,dur,dur,Dii
dwr_Latn,dwr,dwr,Dawro
dww_Latn,dww,dww,Dawawa
dyi_Latn,dyi,dyi,Djimini Senoufo
dyo_Latn,dyo,dyo,Jola-Fonyi
dyu_Latn,dyu,dyu,Dyula
dzo_Tibt,dzo,dz,Dzongkha
ebk_Latn,ebk,ebk,Eastern Bontok
efi_Latn,efi,efi,Efik
eka_Latn,eka,eka,Ekajuk
ekk_Latn,ekk,ekk,Standard Estonian
eko_Latn,eko,eko,Koti
ell_Grek,ell,el,Modern Greek (1453-)
eme_Latn,eme,eme,Emerillon
emi_Latn,emi,emi,Mussau-Emira
eml_Latn,eml,eml,Emiliano-Romagnolo
emp_Latn,emp,emp,Northern Emberá
enb_Latn,enb,enb,Markweeta
eng_Latn,eng,en,English
enl_Latn,enl,enl,Enlhet
enm_Latn,enm,enm,Middle English (1100-1500)
enq_Latn,enq,enq,Enga
enx_Latn,enx,enx,Enxet
epo_Latn,epo,eo,Esperanto
eri_Latn,eri,eri,Ogea
ese_Latn,ese,ese,Ese Ejja
esi_Latn,esi,esi,North Alaskan Inupiatun
esk_Latn,esk,esk,Northwest Alaska Inupiatun
ess_Latn,ess,ess,Central Siberian Yupik
esu_Latn,esu,esu,Central Yupik
eto_Latn,eto,eto,Eton (Cameroon)
etr_Latn,etr,etr,Edolo
etu_Latn,etu,etu,Ejagham
eus_Latn,eus,eu,Basque
eve_Cyrl,eve,eve,Even
ewe_Latn,ewe,ee,Ewe
ewo_Latn,ewo,ewo,Ewondo
ext_Latn,ext,ext,Extremaduran
eza_Latn,eza,eza,Ezaa
faa_Latn,faa,faa,Fasu
fad_Latn,fad,fad,Wagi
fai_Latn,fai,fai,Faiwol
fal_Latn,fal,fal,South Fali
fan_Latn,fan,fan,Fang (Equatorial Guinea)
fao_Latn,fao,fo,Faroese
far_Latn,far,far,Fataleka
fas_Arab,fas,fa,Persian
fat_Latn,fat,fat,Fanti
ffm_Latn,ffm,ffm,Maasina Fulfulde
fij_Latn,fij,fj,Fijian
fil_Latn,fil,fil,Filipino
fin_Latn,fin,fi,Finnish
fit_Latn,fit,fit,Tornedalen Finnish
fkv_Latn,fkv,fkv,Kven Finnish
fmu_Deva,fmu,fmu,Far Western Muria
fon_Latn,fon,fon,Fon
for_Latn,for,for,Fore
fra_Latn,fra,fr,French
frd_Latn,frd,frd,Fordata
fro_Latn,fro,fro,Old French (842-ca. 1400)
frp_Latn,frp,frp,Arpitan
frr_Latn,frr,frr,Northern Frisian
fry_Latn,fry,fy,Western Frisian
fub_Latn,fub,fub,Adamawa Fulfulde
fud_Latn,fud,fud,East Futuna
fue_Latn,fue,fue,Borgu Fulfulde
fuf_Latn,fuf,fuf,Pular
fuh_Latn,fuh,fuh,Western Niger Fulfulde
fuq_Latn,fuq,fuq,Central-Eastern Niger Fulfulde
fur_Latn,fur,fur,Friulian
fuv_Arab,fuv,fuv,Nigerian Fulfulde
fuv_Latn,fuv,fuv,Nigerian Fulfulde
gaa_Latn,gaa,gaa,Ga
gag_Cyrl,gag,gag,Gagauz
gag_Latn,gag,gag,Gagauz
gah_Latn,gah,gah,Alekano
gai_Latn,gai,gai,Borei
gam_Latn,gam,gam,Kandawo
gaw_Latn,gaw,gaw,Nobonob
gaz_Latn,gaz,gaz,West Central Oromo
gbi_Latn,gbi,gbi,Galela
gbo_Latn,gbo,gbo,Northern Grebo
gbr_Latn,gbr,gbr,Gbagyi
gcf_Latn,gcf,gcf,Guadeloupean Creole French
gcr_Latn,gcr,gcr,Guianese Creole French
gde_Latn,gde,gde,Gude
gdg_Latn,gdg,gdg,Ga'dang
gdn_Latn,gdn,gdn,Umanakaina
gdr_Latn,gdr,gdr,Wipi
geb_Latn,geb,geb,Kire
gej_Latn,gej,gej,Gen
gfk_Latn,gfk,gfk,Patpatar
ghe_Deva,ghe,ghe,Southern Ghale
ghs_Latn,ghs,ghs,Guhu-Samane
gid_Latn,gid,gid,Gidar
gil_Latn,gil,gil,Gilbertese
giz_Latn,giz,giz,South Giziga
gjn_Latn,gjn,gjn,Gonja
gkn_Latn,gkn,gkn,Gokana
gla_Latn,gla,gd,Scottish Gaelic
gle_Latn,gle,ga,Irish
glg_Latn,glg,gl,Galician
glk_Arab,glk,glk,Gilaki
glv_Latn,glv,gv,Manx
gmh_Latn,gmh,gmh,Middle High German (ca. 1050-1500)
gmv_Ethi,gmv,gmv,Gamo
gmv_Latn,gmv,gmv,Gamo
gna_Latn,gna,gna,Kaansa
gnb_Latn,gnb,gnb,Gangte
gnd_Latn,gnd,gnd,Zulgo-Gemzek
gng_Latn,gng,gng,Ngangam
gnn_Latn,gnn,gnn,Gumatj
gnw_Latn,gnw,gnw,Western Bolivian Guaraní
goa_Latn,goa,goa,Guro
gof_Ethi,gof,gof,Gofa
gof_Latn,gof,gof,Gofa
gog_Latn,gog,gog,Gogo
goh_Latn,goh,goh,Old High German (ca. 750-1050)
gom_Deva,gom,gom,Goan Konkani
gom_Latn,gom,gom,Goan Konkani
gor_Latn,gor,gor,Gorontalo
gos_Latn,gos,gos,Gronings
got_Goth,got,got,Gothic
got_Latn,got,got,Gothic
gqr_Latn,gqr,gqr,Gor
grc_Grek,grc,grc,Ancient Greek (to 1453)
grt_Beng,grt,grt,Garo
gso_Latn,gso,gso,Southwest Gbaya
gsw_Latn,gsw,gsw,Swiss German
gub_Latn,gub,gub,Guajajára
guc_Latn,guc,guc,Wayuu
gud_Latn,gud,gud,Yocoboué Dida
gug_Latn,gug,gug,Paraguayan Guaraní
guh_Latn,guh,guh,Guahibo
gui_Latn,gui,gui,Eastern Bolivian Guaraní
guj_Gujr,guj,gu,Gujarati
guj_Latn,guj,gu,Gujarati
guk_Ethi,guk,guk,Gumuz
gul_Latn,gul,gul,Sea Island Creole English
gum_Latn,gum,gum,Guambiano
gun_Latn,gun,gun,Mbyá Guaraní
guo_Latn,guo,guo,Guayabero
guq_Latn,guq,guq,Aché
gur_Latn,gur,gur,Farefare
guu_Latn,guu,guu,Yanomamö
guw_Latn,guw,guw,Gun
gux_Latn,gux,gux,Gourmanchéma
guz_Latn,guz,guz,Gusii
gvc_Latn,gvc,gvc,Guanano
gvf_Latn,gvf,gvf,Golin
gvl_Latn,gvl,gvl,Gulay
gvn_Latn,gvn,gvn,Kuku-Yalanji
gwi_Latn,gwi,gwi,Gwichʼin
gwr_Latn,gwr,gwr,Gwere
gya_Latn,gya,gya,Northwest Gbaya
gym_Latn,gym,gym,Ngäbere
gyr_Latn,gyr,gyr,Guarayu
hac_Arab,hac,hac,Gurani
hae_Latn,hae,hae,Eastern Oromo
hag_Latn,hag,hag,Hanga
hak_Hani,hak,hak,Hakka Chinese
hak_Latn,hak,hak,Hakka Chinese
hat_Latn,hat,ht,Haitian
hau_Latn,hau,ha,Hausa
hav_Latn,hav,hav,Havu
haw_Latn,haw,haw,Hawaiian
hay_Latn,hay,hay,Haya
hbo_Hebr,hbo,hbo,Ancient Hebrew
hch_Latn,hch,hch,Huichol
heb_Hebr,heb,he,Hebrew
heg_Latn,heg,heg,Helong
heh_Latn,heh,heh,Hehe
her_Latn,her,hz,Herero
hif_Latn,hif,hif,Fiji Hindi
hig_Latn,hig,hig,Kamwe
hil_Latn,hil,hil,Hiligaynon
hin_Deva,hin,hi,Hindi
hin_Latn,hin,hi,Hindi
hix_Latn,hix,hix,Hixkaryána
hla_Latn,hla,hla,Halia
hlt_Latn,hlt,hlt,Matu Chin
hmo_Latn,hmo,ho,Hiri Motu
hmr_Latn,hmr,hmr,Hmar
hne_Deva,hne,hne,Chhattisgarhi
hnj_Latn,hnj,hnj,Hmong Njua
hnn_Latn,hnn,hnn,Hanunoo
hns_Latn,hns,hns,Caribbean Hindustani
hoc_Latn,hoc,hoc,Ho
hoc_Wara,hoc,hoc,Ho
hop_Latn,hop,hop,Hopi
hot_Latn,hot,hot,Hote
hra_Latn,hra,hra,Hrangkhol
hrv_Latn,hrv,hr,Croatian
hrx_Latn,hrx,hrx,Hunsrik
hsb_Latn,hsb,hsb,Upper Sorbian
hto_Latn,hto,hto,Minica Huitoto
hub_Latn,hub,hub,Huambisa
hui_Latn,hui,hui,Huli
hun_Latn,hun,hu,Hungarian
hus_Latn,hus,hus,Huastec
huu_Latn,huu,huu,Murui Huitoto
huv_Latn,huv,huv,San Mateo Del Mar Huave
hvn_Latn,hvn,hvn,Sabu
hwc_Latn,hwc,hwc,Hawai'i Creole English
hye_Armn,hye,hy,Armenian
hyw_Armn,hyw,hyw,Western Armenian
ian_Latn,ian,ian,Iatmul
iba_Latn,iba,iba,Iban
ibg_Latn,ibg,ibg,Ibanag
ibo_Latn,ibo,ig,Igbo
icr_Latn,icr,icr,Islander Creole English
ido_Latn,ido,io,Ido
idu_Latn,idu,idu,Idoma
ifa_Latn,ifa,ifa,Amganad Ifugao
ifb_Latn,ifb,ifb,Batad Ifugao
ife_Latn,ife,ife,Ifè
ifk_Latn,ifk,ifk,Tuwali Ifugao
ifu_Latn,ifu,ifu,Mayoyao Ifugao
ify_Latn,ify,ify,Keley-I Kallahan
ige_Latn,ige,ige,Igede
ign_Latn,ign,ign,Ignaciano
ike_Cans,ike,ike,Eastern Canadian Inuktitut
ikk_Latn,ikk,ikk,Ika
ikt_Latn,ikt,ikt,Inuinnaqtun
ikw_Latn,ikw,ikw,Ikwere
ilb_Latn,ilb,ilb,Ila
ile_Latn,ile,ie,Interlingue
ilo_Latn,ilo,ilo,Iloko
imo_Latn,imo,imo,Imbongu
ina_Latn,ina,ia,Interlingua (International Auxiliary Language Association)
inb_Latn,inb,inb,Inga
ind_Latn,ind,id,Indonesian
inh_Cyrl,inh,inh,Ingush
ino_Latn,ino,ino,Inoke-Yate
iou_Latn,iou,iou,Tuma-Irumu
ipi_Latn,ipi,ipi,Ipili
iqw_Latn,iqw,iqw,Ikwo
iri_Latn,iri,iri,Rigwe
irk_Latn,irk,irk,Iraqw
iry_Latn,iry,iry,Iraya
isd_Latn,isd,isd,Isnag
ish_Latn,ish,ish,Esan
isl_Latn,isl,is,Icelandic
iso_Latn,iso,iso,Isoko
ita_Latn,ita,it,Italian
itl_Cyrl,itl,itl,Itelmen
itv_Latn,itv,itv,Itawit
ium_Latn,ium,ium,Iu Mien
ivb_Latn,ivb,ivb,Ibatan
ivv_Latn,ivv,ivv,Ivatan
iws_Latn,iws,iws,Sepik Iwam
ixl_Latn,ixl,ixl,Ixil
izr_Latn,izr,izr,Izere
izz_Latn,izz,izz,Izii
jaa_Latn,jaa,jaa,Jamamadí
jac_Latn,jac,jac,Popti'
jae_Latn,jae,jae,Yabem
jam_Latn,jam,jam,Jamaican Creole English
jav_Java,jav,jv,Javanese
jav_Latn,jav,jv,Javanese
jbo_Latn,jbo,jbo,Lojban
jbu_Latn,jbu,jbu,Jukun Takum
jic_Latn,jic,jic,Tol
jiv_Latn,jiv,jiv,Shuar
jmc_Latn,jmc,jmc,Machame
jpn_Jpan,jpn,ja,Japanese
jra_Latn,jra,jra,Jarai
jun_Orya,jun,jun,Juang
jvn_Latn,jvn,jvn,Caribbean Javanese
kaa_Cyrl,kaa,kaa,Kara-Kalpak
kaa_Latn,kaa,kaa,Kara-Kalpak
kab_Latn,kab,kab,Kabyle
kac_Latn,kac,kac,Kachin
kak_Latn,kak,kak,Kalanguya
kal_Latn,kal,kl,Kalaallisut
kam_Latn,kam,kam,Kamba (Kenya)
kan_Knda,kan,kn,Kannada
kan_Latn,kan,kn,Kannada
kao_Latn,kao,kao,Xaasongaxango
kap_Cyrl,kap,kap,Bezhta
kaq_Latn,kaq,kaq,Capanahua
kas_Arab,kas,ks,Kashmiri
kas_Deva,kas,ks,Kashmiri
kas_Latn,kas,ks,Kashmiri
kat_Geor,kat,ka,Georgian
kaz_Cyrl,kaz,kk,Kazakh
kbc_Latn,kbc,kbc,Kadiwéu
kbd_Cyrl,kbd,kbd,Kabardian
kbh_Latn,kbh,kbh,Camsá
kbm_Latn,kbm,kbm,Iwal
kbo_Latn,kbo,kbo,Keliko
kbp_Latn,kbp,kbp,Kabiyè
kbq_Latn,kbq,kbq,Kamano
kbr_Latn,kbr,kbr,Kafa
kby_Latn,kby,kby,Manga Kanuri
kca_Cyrl,kca,kca,Khanty
kcg_Latn,kcg,kcg,Tyap
kck_Latn,kck,kck,Kalanga
kdc_Latn,kdc,kdc,Kutu
kde_Latn,kde,kde,Makonde
kdh_Latn,kdh,kdh,Tem
kdi_Latn,kdi,kdi,Kumam
kdj_Latn,kdj,kdj,Karamojong
kdl_Latn,kdl,kdl,Tsikimba
kdp_Latn,kdp,kdp,Kaningdon-Nindem
kdr_Latn,kdr,kdr,Karaim
kea_Latn,kea,kea,Kabuverdianu
kei_Latn,kei,kei,Kei
kek_Latn,kek,kek,Kekchí
ken_Latn,ken,ken,Kenyang
keo_Latn,keo,keo,Kakwa
ker_Latn,ker,ker,Kera
kew_Latn,kew,kew,West Kewa
kex_Deva,kex,kex,Kukna
kez_Latn,kez,kez,Kukele
kff_Telu,kff,kff,Koya
kgf_Latn,kgf,kgf,Kube
kgk_Latn,kgk,kgk,Kaiwá
kgp_Latn,kgp,kgp,Kaingang
kgr_Latn,kgr,kgr,Abun
kha_Latn,kha,kha,Khasi
khk_Cyrl,khk,khk,Halh Mongolian
khm_Khmr,khm,km,Khmer
khq_Latn,khq,khq,Koyra Chiini Songhay
khs_Latn,khs,khs,Kasua
khy_Latn,khy,khy,Kele (Democratic Republic of Congo)
khz_Latn,khz,khz,Keapara
kia_Latn,kia,kia,Kim
kij_Latn,kij,kij,Kilivila
kik_Latn,kik,ki,Kikuyu
kin_Latn,kin,rw,Kinyarwanda
kir_Cyrl,kir,ky,Kirghiz
kiu_Latn,kiu,kiu,Kirmanjki (individual language)
kix_Latn,kix,kix,Khiamniungan Naga
kjb_Latn,kjb,kjb,Q'anjob'al
kje_Latn,kje,kje,Kisar
kjh_Cyrl,kjh,kjh,Khakas
kjs_Latn,kjs,kjs,East Kewa
kkc_Latn,kkc,kkc,Odoodee
kki_Latn,kki,kki,Kagulu
kkj_Latn,kkj,kkj,Kako
kkl_Latn,kkl,kkl,Kosarek Yale
kle_Deva,kle,kle,Kulung (Nepal)
klt_Latn,klt,klt,Nukna
klv_Latn,klv,klv,Maskelynes
kma_Latn,kma,kma,Konni
kmb_Latn,kmb,kmb,Kimbundu
kmd_Latn,kmd,kmd,Majukayang Kalinga
kmg_Latn,kmg,kmg,Kâte
kmh_Latn,kmh,kmh,Kalam
kmk_Latn,kmk,kmk,Limos Kalinga
kmm_Latn,kmm,kmm,Kom (India)
kmo_Latn,kmo,kmo,Kwoma
kmr_Cyrl,kmr,kmr,Northern Kurdish
kmr_Latn,kmr,kmr,Northern Kurdish
kms_Latn,kms,kms,Kamasau
kmu_Latn,kmu,kmu,Kanite
kmy_Latn,kmy,kmy,Koma
knc_Arab,knc,knc,Central Kanuri
knc_Latn,knc,knc,Central Kanuri
kne_Latn,kne,kne,Kankanaey
knf_Latn,knf,knf,Mankanya
kng_Latn,kng,kng,Koongo
knj_Latn,knj,knj,Western Kanjobal
knk_Latn,knk,knk,Kuranko
kno_Latn,kno,kno,Kono (Sierra Leone)
knv_Latn,knv,knv,Tabo
knx_Latn,knx,knx,Kendayan
kny_Latn,kny,kny,Kanyok
kog_Latn,kog,kog,Cogui
koi_Cyrl,koi,koi,Komi-Permyak
koo_Latn,koo,koo,Konzo
kor_Hang,kor,ko,Korean
kos_Latn,kos,kos,Kosraean
kpe_Latn,kpe,kpe,Kpelle
kpf_Latn,kpf,kpf,Komba
kpg_Latn,kpg,kpg,Kapingamarangi
kpj_Latn,kpj,kpj,Karajá
kpq_Latn,kpq,kpq,Korupun-Sela
kpr_Latn,kpr,kpr,Korafe-Yegha
kpv_Cyrl,kpv,kpv,Komi-Zyrian
kpw_Latn,kpw,kpw,Kobon
kpx_Latn,kpx,kpx,Mountain Koiali
kpz_Latn,kpz,kpz,Kupsabiny
kqa_Latn,kqa,kqa,Mum
kqc_Latn,kqc,kqc,Doromu-Koki
kqe_Latn,kqe,kqe,Kalagan
kqf_Latn,kqf,kqf,Kakabai
kql_Latn,kql,kql,Kyenele
kqn_Latn,kqn,kqn,Kaonde
kqo_Latn,kqo,kqo,Eastern Krahn
kqp_Latn,kqp,kqp,Kimré
kqs_Latn,kqs,kqs,Northern Kissi
kqw_Latn,kqw,kqw,Kandas
kqy_Ethi,kqy,kqy,Koorete
krc_Cyrl,krc,krc,Karachay-Balkar
kri_Latn,kri,kri,Krio
krj_Latn,krj,krj,Kinaray-A
krl_Latn,krl,krl,Karelian
kru_Deva,kru,kru,Kurukh
krx_Latn,krx,krx,Karon
ksb_Latn,ksb,ksb,Shambala
ksc_Latn,ksc,ksc,Southern Kalinga
ksd_Latn,ksd,ksd,Kuanua
ksf_Latn,ksf,ksf,Bafia
ksh_Latn,ksh,ksh,Kölsch
ksj_Latn,ksj,ksj,Uare
ksp_Latn,ksp,ksp,Kaba
ksr_Latn,ksr,ksr,Borong
kss_Latn,kss,kss,Southern Kisi
ksw_Mymr,ksw,ksw,S'gaw Karen
ktb_Ethi,ktb,ktb,Kambaata
ktj_Latn,ktj,ktj,Plapo Krumen
ktm_Latn,ktm,ktm,Kurti
kto_Latn,kto,kto,Kuot
ktu_Latn,ktu,ktu,Kituba (Democratic Republic of Congo)
ktz_Latn,ktz,ktz,Juǀʼhoan
kua_Latn,kua,kj,Kuanyama
kub_Latn,kub,kub,Kutep
kud_Latn,kud,kud,'Auhelawa
kue_Latn,kue,kue,Kuman (Papua New Guinea)
kuj_Latn,kuj,kuj,Kuria
kum_Cyrl,kum,kum,Kumyk
kup_Latn,kup,kup,Kunimaipa
kus_Latn,kus,kus,Kusaal
kvg_Latn,kvg,kvg,Kuni-Boazi
kvj_Latn,kvj,kvj,Psikye
kvn_Latn,kvn,kvn,Border Kuna
kwd_Latn,kwd,kwd,Kwaio
kwf_Latn,kwf,kwf,Kwara'ae
kwi_Latn,kwi,kwi,Awa-Cuaiquer
kwj_Latn,kwj,kwj,Kwanga
kwn_Latn,kwn,kwn,Kwangali
kwy_Latn,kwy,kwy,San Salvador Kongo
kxc_Ethi,kxc,kxc,Konso
kxm_Thai,kxm,kxm,Northern Khmer
kxw_Latn,kxw,kxw,Konai
kyc_Latn,kyc,kyc,Kyaka
kyf_Latn,kyf,kyf,Kouya
kyg_Latn,kyg,kyg,Keyagana
kyq_Latn,kyq,kyq,Kenga
kyu_Kali,kyu,kyu,Western Kayah
kyu_Latn,kyu,kyu,Western Kayah
kyu_Mymr,kyu,kyu,Western Kayah
kyz_Latn,kyz,kyz,Kayabí
kze_Latn,kze,kze,Kosena
kzf_Latn,kzf,kzf,Da'a Kaili
kzj_Latn,kzj,kzj,Coastal Kadazan
kzn_Latn,kzn,kzn,Kokola
lac_Latn,lac,lac,Lacandon
lad_Hebr,lad,lad,Ladino
lad_Latn,lad,lad,Ladino
lai_Latn,lai,lai,Lambya
laj_Latn,laj,laj,Lango (Uganda)
lam_Latn,lam,lam,Lamba
lao_Laoo,lao,lo,Lao
lap_Latn,lap,lap,Laka (Chad)
las_Latn,las,las,Lama (Togo)
lat_Latn,lat,la,Latin
law_Latn,law,law,Lauje
lbb_Latn,lbb,lbb,Label
lbe_Cyrl,lbe,lbe,Lak
lbj_Tibt,lbj,lbj,Ladakhi
lbk_Latn,lbk,lbk,Central Bontok
lcm_Latn,lcm,lcm,Tungag
lcp_Thai,lcp,lcp,Western Lawa
ldi_Latn,ldi,ldi,Laari
ldn_Latn,ldn,ldn,Láadan
lea_Latn,lea,lea,Lega-Shabunda
led_Latn,led,led,Lendu
lee_Latn,lee,lee,Lyélé
lef_Latn,lef,lef,Lelemi
leh_Latn,leh,leh,Lenje
lem_Latn,lem,lem,Nomaande
leu_Latn,leu,leu,Kara (Papua New Guinea)
lew_Latn,lew,lew,Ledo Kaili
lex_Latn,lex,lex,Luang
lez_Cyrl,lez,lez,Lezghian
lfn_Cyrl,lfn,lfn,Lingua Franca Nova
lfn_Latn,lfn,lfn,Lingua Franca Nova
lgg_Latn,lgg,lgg,Lugbara
lgl_Latn,lgl,lgl,Wala
lgm_Latn,lgm,lgm,Lega-Mwenga
lhi_Latn,lhi,lhi,Lahu Shi
lhu_Latn,lhu,lhu,Lahu
lia_Latn,lia,lia,West-Central Limba
lid_Latn,lid,lid,Nyindrou
lif_Deva,lif,lif,Limbu
lif_Limb,lif,lif,Limbu
lij_Latn,lij,lij,Ligurian
lim_Latn,lim,li,Limburgan
lin_Latn,lin,ln,Lingala
lip_Latn,lip,lip,Sekpele
lis_Lisu,lis,lis,Lisu
lit_Latn,lit,lt,Lithuanian
liv_Latn,liv,liv,Liv
ljp_Latn,ljp,ljp,Lampung Api
lki_Arab,lki,lki,Laki
llb_Latn,llb,llb,Lolo
lld_Latn,lld,lld,Ladin
llg_Latn,llg,llg,Lole
lln_Latn,lln,lln,Lele (Chad)
lmk_Latn,lmk,lmk,Lamkang
lmo_Latn,lmo,lmo,Lombard
lmp_Latn,lmp,lmp,Limbum
lnd_Latn,lnd,lnd,Lundayeh
lob_Latn,lob,lob,Lobi
loe_Latn,loe,loe,Saluan
log_Latn,log,log,Logo
lok_Latn,lok,lok,Loko
lol_Latn,lol,lol,Mongo
lom_Latn,lom,lom,Loma (Liberia)
loq_Latn,loq,loq,Lobala
loz_Latn,loz,loz,Lozi
lrc_Arab,lrc,lrc,Northern Luri
lsi_Latn,lsi,lsi,Lashi
lsm_Latn,lsm,lsm,Saamia
ltg_Latn,ltg,ltg,Latgalian
ltz_Latn,ltz,lb,Luxembourgish
lua_Latn,lua,lua,Luba-Lulua
lub_Latn,lub,lu,Luba-Katanga
luc_Latn,luc,luc,Aringa
lud_Latn,lud,lud,Ludian
lue_Latn,lue,lue,Luvale
lug_Latn,lug,lg,Ganda
lun_Latn,lun,lun,Lunda
luo_Latn,luo,luo,Luo (Kenya and Tanzania)
lus_Latn,lus,lus,Lushai
lvs_Latn,lvs,lvs,Standard Latvian
lwg_Latn,lwg,lwg,Wanga
lwo_Latn,lwo,lwo,Luwo
lww_Latn,lww,lww,Lewo
lzh_Hani,lzh,lzh,Literary Chinese
maa_Latn,maa,maa,San Jerónimo Tecóatl Mazatec
mad_Latn,mad,mad,Madurese
maf_Latn,maf,maf,Mafa
mag_Deva,mag,mag,Magahi
mah_Latn,mah,mh,Marshallese
mai_Deva,mai,mai,Maithili
maj_Latn,maj,maj,Jalapa De Díaz Mazatec
mak_Latn,mak,mak,Makasar
mal_Latn,mal,ml,Malayalam
mal_Mlym,mal,ml,Malayalam
mam_Latn,mam,mam,Mam
maq_Latn,maq,maq,Chiquihuitlán Mazatec
mar_Deva,mar,mr,Marathi
mar_Latn,mar,mr,Marathi
mas_Latn,mas,mas,Masai
mau_Latn,mau,mau,Huautla Mazatec
mav_Latn,mav,mav,Sateré-Mawé
maw_Latn,maw,maw,Mampruli
max_Latn,max,max,North Moluccan Malay
maz_Latn,maz,maz,Central Mazahua
mbb_Latn,mbb,mbb,Western Bukidnon Manobo
mbc_Latn,mbc,mbc,Macushi
mbd_Latn,mbd,mbd,Dibabawon Manobo
mbf_Latn,mbf,mbf,Baba Malay
mbh_Latn,mbh,mbh,Mangseng
mbi_Latn,mbi,mbi,Ilianen Manobo
mbj_Latn,mbj,mbj,Nadëb
mbl_Latn,mbl,mbl,Maxakalí
mbs_Latn,mbs,mbs,Sarangani Manobo
mbt_Latn,mbt,mbt,Matigsalug Manobo
mca_Latn,mca,mca,Maca
mcb_Latn,mcb,mcb,Machiguenga
mcd_Latn,mcd,mcd,Sharanahua
mcf_Latn,mcf,mcf,Matsés
mck_Latn,mck,mck,Mbunda
mcn_Latn,mcn,mcn,Masana
mco_Latn,mco,mco,Coatlán Mixe
mcp_Latn,mcp,mcp,Makaa
mcq_Latn,mcq,mcq,Ese
mcu_Latn,mcu,mcu,Cameroon Mambila
mda_Latn,mda,mda,Mada (Nigeria)
mdf_Cyrl,mdf,mdf,Moksha
mdy_Ethi,mdy,mdy,Male (Ethiopia)
med_Latn,med,med,Melpa
mee_Latn,mee,mee,Mengen
mej_Latn,mej,mej,Meyah
mek_Latn,mek,mek,Mekeo
men_Latn,men,men,Mende (Sierra Leone)
meq_Latn,meq,meq,Merey
mer_Latn,mer,mer,Meru
met_Latn,met,met,Mato
meu_Latn,meu,meu,Motu
mev_Latn,mev,mev,Mano
mfe_Latn,mfe,mfe,Morisyen
mfg_Latn,mfg,mfg,Mogofin
mfh_Latn,mfh,mfh,Matal
mfi_Latn,mfi,mfi,Wandala
mfk_Latn,mfk,mfk,North Mofu
mfq_Latn,mfq,mfq,Moba
mfy_Latn,mfy,mfy,Mayo
mfz_Latn,mfz,mfz,Mabaan
mgc_Latn,mgc,mgc,Morokodo
mgh_Latn,mgh,mgh,Makhuwa-Meetto
mgm_Latn,mgm,mgm,Mambae
mgo_Latn,mgo,mgo,Meta'
mgr_Latn,mgr,mgr,Mambwe-Lungu
mhi_Latn,mhi,mhi,Ma'di
mhl_Latn,mhl,mhl,Mauwake
mhr_Cyrl,mhr,mhr,Eastern Mari
mhw_Latn,mhw,mhw,Mbukushu
mhx_Latn,mhx,mhx,Maru
mhy_Latn,mhy,mhy,Ma'anyan
mib_Latn,mib,mib,Atatláhuca Mixtec
mic_Latn,mic,mic,Mi'kmaq
mie_Latn,mie,mie,Ocotepec Mixtec
mif_Latn,mif,mif,Mofu-Gudur
mig_Latn,mig,mig,San Miguel El Grande Mixtec
mih_Latn,mih,mih,Chayuco Mixtec
mil_Latn,mil,mil,Peñoles Mixtec
mim_Latn,mim,mim,Alacatlatzala Mixtec
min_Arab,min,min,Minangkabau
min_Latn,min,min,Minangkabau
mio_Latn,mio,mio,Pinotepa Nacional Mixtec
mip_Latn,mip,mip,Apasco-Apoala Mixtec
miq_Latn,miq,miq,Mískito
mir_Latn,mir,mir,Isthmus Mixe
mit_Latn,mit,mit,Southern Puebla Mixtec
miy_Latn,miy,miy,Ayutla Mixtec
miz_Latn,miz,miz,Coatzospan Mixtec
mjc_Latn,mjc,mjc,San Juan Colorado Mixtec
mjw_Latn,mjw,mjw,Karbi
mkd_Cyrl,mkd,mk,Macedonian
mkl_Latn,mkl,mkl,Mokole
mkn_Latn,mkn,mkn,Kupang Malay
mks_Latn,mks,mks,Silacayoapan Mixtec
mkz_Latn,mkz,mkz,Makasae
mlh_Latn,mlh,mlh,Mape
mlp_Latn,mlp,mlp,Bargam
mlt_Latn,mlt,mt,Maltese
mlu_Latn,mlu,mlu,To'abaita
mmn_Latn,mmn,mmn,Mamanwa
mmo_Latn,mmo,mmo,Mangga Buang
mmx_Latn,mmx,mmx,Madak
mna_Latn,mna,mna,Mbula
mnb_Latn,mnb,mnb,Muna
mnf_Latn,mnf,mnf,Mundani
mni_Beng,mni,mni,Manipuri
mni_Latn,mni,mni,Manipuri
mni_Mtei,mni,mni,Manipuri
mnk_Latn,mnk,mnk,Mandinka
mns_Cyrl,mns,mns,Mansi
mnw_Mymr,mnw,mnw,Mon
mnx_Latn,mnx,mnx,Manikion
mny_Latn,mny,mny,Manyawa
moa_Latn,moa,moa,Mwan
moc_Latn,moc,moc,Mocoví
mog_Latn,mog,mog,Mongondow
moh_Latn,moh,moh,Mohawk
mop_Latn,mop,mop,Mopán Maya
mor_Latn,mor,mor,Moro
mos_Latn,mos,mos,Mossi
mox_Latn,mox,mox,Molima
mpg_Latn,mpg,mpg,Marba
mph_Latn,mph,mph,Maung
mpm_Latn,mpm,mpm,Yosondúa Mixtec
mpp_Latn,mpp,mpp,Migabac
mps_Latn,mps,mps,Dadibi
mpt_Latn,mpt,mpt,Mian
mpx_Latn,mpx,mpx,Misima-Panaeati
mqb_Latn,mqb,mqb,Mbuko
mqj_Latn,mqj,mqj,Mamasa
mqy_Latn,mqy,mqy,Manggarai
mrg_Latn,mrg,mrg,Mising
mri_Latn,mri,mi,Maori
mrj_Cyrl,mrj,mrj,Western Mari
mrq_Latn,mrq,mrq,North Marquesan
mrv_Latn,mrv,mrv,Mangareva
mrw_Latn,mrw,mrw,Maranao
msb_Latn,msb,msb,Masbatenyo
msc_Latn,msc,msc,Sankaran Maninka
mse_Latn,mse,mse,Musey
msk_Latn,msk,msk,Mansaka
msm_Latn,msm,msm,Agusan Manobo
msy_Latn,msy,msy,Aruamu
mta_Latn,mta,mta,Cotabato Manobo
mtg_Latn,mtg,mtg,Una
mti_Latn,mti,mti,Maiwa (Papua New Guinea)
mtj_Latn,mtj,mtj,Moskona
mto_Latn,mto,mto,Totontepec Mixe
mtp_Latn,mtp,mtp,Wichí Lhamtés Nocten
mua_Latn,mua,mua,Mundang
mug_Latn,mug,mug,Musgu
muh_Latn,muh,muh,Mündü
mui_Latn,mui,mui,Musi
mup_Deva,mup,mup,Malvi
mur_Latn,mur,mur,Murle
mus_Latn,mus,mus,Creek
mux_Latn,mux,mux,Bo-Ung
muy_Latn,muy,muy,Muyang
mva_Latn,mva,mva,Manam
mvn_Latn,mvn,mvn,Minaveha
mvp_Latn,mvp,mvp,Duri
mwc_Latn,mwc,mwc,Are
mwf_Latn,mwf,mwf,Murrinh-Patha
mwl_Latn,mwl,mwl,Mirandese
mwm_Latn,mwm,mwm,Sar
mwn_Latn,mwn,mwn,Nyamwanga
mwp_Latn,mwp,mwp,Kala Lagaw Ya
mwq_Latn,mwq,mwq,Mün Chin
mwv_Latn,mwv,mwv,Mentawai
mww_Latn,mww,mww,Hmong Daw
mxb_Latn,mxb,mxb,Tezoatlán Mixtec
mxp_Latn,mxp,mxp,Tlahuitoltepec Mixe
mxq_Latn,mxq,mxq,Juquila Mixe
mxt_Latn,mxt,mxt,Jamiltepec Mixtec
mxv_Latn,mxv,mxv,Metlatónoc Mixtec
mya_Mymr,mya,my,Burmese
myb_Latn,myb,myb,Mbay
myk_Latn,myk,myk,Mamara Senoufo
myu_Latn,myu,myu,Mundurukú
myv_Cyrl,myv,myv,Erzya
myw_Latn,myw,myw,Muyuw
myx_Latn,myx,myx,Masaaba
myy_Latn,myy,myy,Macuna
mza_Latn,mza,mza,Santa María Zacatepec Mixtec
mzh_Latn,mzh,mzh,Wichí Lhamtés Güisnay
mzk_Latn,mzk,mzk,Nigeria Mambila
mzl_Latn,mzl,mzl,Mazatlán Mixe
mzm_Latn,mzm,mzm,Mumuye
mzn_Arab,mzn,mzn,Mazanderani
mzw_Latn,mzw,mzw,Deg
mzz_Latn,mzz,mzz,Maiadomu
nab_Latn,nab,nab,Southern Nambikuára
naf_Latn,naf,naf,Nabak
nah_Latn,nah,nah,Nahuatl languages
nak_Latn,nak,nak,Nakanai
nan_Hani,nan,nan,Min Nan Chinese
nan_Latn,nan,nan,Min Nan Chinese
nap_Latn,nap,nap,Neapolitan
naq_Latn,naq,naq,Khoekhoe
nas_Latn,nas,nas,Naasioi
nav_Latn,nav,nv,Navajo
naw_Latn,naw,naw,Nawuri
nba_Latn,nba,nba,Nyemba
nbc_Latn,nbc,nbc,Chang Naga
nbe_Latn,nbe,nbe,Konyak Naga
nbl_Latn,nbl,nr,South Ndebele
nbq_Latn,nbq,nbq,Nggem
nbu_Latn,nbu,nbu,Rongmei Naga
nca_Latn,nca,nca,Iyo
nch_Latn,nch,nch,Central Huasteca Nahuatl
ncj_Latn,ncj,ncj,Northern Puebla Nahuatl
ncl_Latn,ncl,ncl,Michoacán Nahuatl
ncq_Laoo,ncq,ncq,Northern Katang
nct_Latn,nct,nct,Chothe Naga
ncu_Latn,ncu,ncu,Chumburung
ncx_Latn,ncx,ncx,Central Puebla Nahuatl
ndc_Latn,ndc,ndc,Ndau
nde_Latn,nde,nd,North Ndebele
ndh_Latn,ndh,ndh,Ndali
ndi_Latn,ndi,ndi,Samba Leko
ndj_Latn,ndj,ndj,Ndamba
ndo_Latn,ndo,ng,Ndonga
ndp_Latn,ndp,ndp,Ndo
nds_Latn,nds,nds,Low German
ndy_Latn,ndy,ndy,Lutos
ndz_Latn,ndz,ndz,Ndogo
neb_Latn,neb,neb,Toura (Côte d'Ivoire)
new_Deva,new,new,Newari
nfa_Latn,nfa,nfa,Dhao
nfr_Latn,nfr,nfr,Nafaanra
ngb_Latn,ngb,ngb,Northern Ngbandi
ngc_Latn,ngc,ngc,Ngombe (Democratic Republic of Congo)
ngl_Latn,ngl,ngl,Lomwe
ngp_Latn,ngp,ngp,Ngulu
ngu_Latn,ngu,ngu,Guerrero Nahuatl
nhd_Latn,nhd,nhd,Chiripá
nhe_Latn,nhe,nhe,Eastern Huasteca Nahuatl
nhg_Latn,nhg,nhg,Tetelcingo Nahuatl
nhi_Latn,nhi,nhi,Zacatlán-Ahuacatlán-Tepetzintla Nahuatl
nhk_Latn,nhk,nhk,Isthmus-Cosoleacaque Nahuatl
nho_Latn,nho,nho,Takuu
nhr_Latn,nhr,nhr,Naro
nhu_Latn,nhu,nhu,Noone
nhw_Latn,nhw,nhw,Western Huasteca Nahuatl
nhx_Latn,nhx,nhx,Isthmus-Mecayapan Nahuatl
nhy_Latn,nhy,nhy,Northern Oaxaca Nahuatl
nia_Latn,nia,nia,Nias
nif_Latn,nif,nif,Nek
nii_Latn,nii,nii,Nii
nij_Latn,nij,nij,Ngaju
nim_Latn,nim,nim,Nilamba
nin_Latn,nin,nin,Ninzo
nio_Cyrl,nio,nio,Nganasan
niq_Latn,niq,niq,Nandi
niu_Latn,niu,niu,Niuean
niy_Latn,niy,niy,Ngiti
njb_Latn,njb,njb,Nocte Naga
njm_Latn,njm,njm,Angami Naga
njn_Latn,njn,njn,Liangmai Naga
njo_Latn,njo,njo,Ao Naga
njz_Latn,njz,njz,Nyishi
nkf_Latn,nkf,nkf,Inpui Naga
nki_Latn,nki,nki,Thangal Naga
nko_Latn,nko,nko,Nkonya
nla_Latn,nla,nla,Ngombale
nlc_Latn,nlc,nlc,Nalca
nld_Latn,nld,nl,Dutch
nlg_Latn,nlg,nlg,Gela
nma_Latn,nma,nma,Maram Naga
nmf_Latn,nmf,nmf,Tangkhul Naga (India)
nmh_Latn,nmh,nmh,Monsang Naga
nmo_Latn,nmo,nmo,Moyon Naga
nmw_Latn,nmw,nmw,Nimoa
nmz_Latn,nmz,nmz,Nawdm
nnb_Latn,nnb,nnb,Nande
nng_Latn,nng,nng,Maring Naga
nnh_Latn,nnh,nnh,Ngiemboon
nnl_Latn,nnl,nnl,Northern Rengma Naga
nno_Latn,nno,nn,Norwegian Nynorsk
nnp_Latn,nnp,nnp,Wancho Naga
nnq_Latn,nnq,nnq,Ngindo
nnw_Latn,nnw,nnw,Southern Nuni
noa_Latn,noa,noa,Woun Meu
nob_Latn,nob,nb,Norwegian Bokmål
nod_Thai,nod,nod,Northern Thai
nog_Cyrl,nog,nog,Nogai
non_Latn,non,non,Old Norse
nop_Latn,nop,nop,Numanggang
not_Latn,not,not,Nomatsiguenga
nou_Latn,nou,nou,Ewage-Notu
nov_Latn,nov,nov,Novial
nph_Latn,nph,nph,Phom Naga
npi_Deva,npi,npi,Nepali (individual language)
npi_Latn,npi,npi,Nepali (individual language)
npl_Latn,npl,npl,Southeastern Puebla Nahuatl
npo_Latn,npo,npo,Pochuri Naga
npy_Latn,npy,npy,Napu
nqo_Nkoo,nqo,nqo,N'Ko
nre_Latn,nre,nre,Southern Rengma Naga
nrf_Latn,nrf,nrf,Jèrriais
nri_Latn,nri,nri,Chokri Naga
nrm_Latn,nrm,nrm,Narom
nsa_Latn,nsa,nsa,Sangtam Naga
nse_Latn,nse,nse,Nsenga
nsm_Latn,nsm,nsm,Sumi Naga
nsn_Latn,nsn,nsn,Nehan
nso_Latn,nso,nso,Pedi
nss_Latn,nss,nss,Nali
nst_Latn,nst,nst,Tase Naga
nsu_Latn,nsu,nsu,Sierra Negra Nahuatl
ntp_Latn,ntp,ntp,Northern Tepehuan
ntr_Latn,ntr,ntr,Delo
ntu_Latn,ntu,ntu,Natügu
nuj_Latn,nuj,nuj,Nyole
nus_Latn,nus,nus,Nuer
nuy_Latn,nuy,nuy,Nunggubuyu
nuz_Latn,nuz,nuz,Tlamacazapa Nahuatl
nvm_Latn,nvm,nvm,Namiae
nwb_Latn,nwb,nwb,Nyabwa
nwi_Latn,nwi,nwi,Southwest Tanna
nwx_Deva,nwx,nwx,Middle Newar
nxd_Latn,nxd,nxd,Ngando (Democratic Republic of Congo)
nya_Latn,nya,ny,Nyanja
nyf_Latn,nyf,nyf,Giryama
nyk_Latn,nyk,nyk,Nyaneka
nyn_Latn,nyn,nyn,Nyankole
nyo_Latn,nyo,nyo,Nyoro
nyu_Latn,nyu,nyu,Nyungwe
nyy_Latn,nyy,nyy,Nyakyusa-Ngonde
nza_Latn,nza,nza,Tigon Mbembe
nzi_Latn,nzi,nzi,Nzima
nzm_Latn,nzm,nzm,Zeme Naga
obo_Latn,obo,obo,Obo Manobo
oci_Latn,oci,oc,Occitan (post 1500)
ogo_Latn,ogo,ogo,Khana
ojb_Cans,ojb,ojb,Northwestern Ojibwa
ojb_Latn,ojb,ojb,Northwestern Ojibwa
oke_Latn,oke,oke,Okpe (Southwestern Edo)
oku_Latn,oku,oku,Oku
okv_Latn,okv,okv,Orokaiva
old_Latn,old,old,Mochi
olo_Latn,olo,olo,Livvi
omb_Latn,omb,omb,East Ambae
omw_Latn,omw,omw,South Tairora
ong_Latn,ong,ong,Olo
ons_Latn,ons,ons,Ono
ood_Latn,ood,ood,Tohono O'odham
opm_Latn,opm,opm,Oksapmin
orv_Cyrl,orv,orv,Old Russian
ory_Latn,ory,ory,Odia
ory_Orya,ory,ory,Odia
oss_Cyrl,oss,os,Ossetian
ota_Arab,ota,ota,Ottoman Turkish (1500-1928)
otd_Latn,otd,otd,Ot Danum
ote_Latn,ote,ote,Mezquital Otomi
otm_Latn,otm,otm,Eastern Highland Otomi
otn_Latn,otn,otn,Tenango Otomi
oto_Latn,oto,oto,Oto
otq_Latn,otq,otq,Querétaro Otomi
ots_Latn,ots,ots,Estado de México Otomi
otw_Latn,otw,otw,Ottawa
oym_Latn,oym,oym,Wayampi
ozm_Latn,ozm,ozm,Koonzime
pab_Latn,pab,pab,Parecís
pad_Latn,pad,pad,Paumarí
pag_Latn,pag,pag,Pangasinan
pah_Latn,pah,pah,Tenharim
pam_Latn,pam,pam,Pampanga
pan_Guru,pan,pa,Panjabi
pan_Latn,pan,pa,Panjabi
pao_Latn,pao,pao,Northern Paiute
pap_Latn,pap,pap,Papiamento
pau_Latn,pau,pau,Palauan
pbb_Latn,pbb,pbb,Páez
pbc_Latn,pbc,pbc,Patamona
pbi_Latn,pbi,pbi,Parkwa
pbt_Arab,pbt,pbt,Southern Pashto
pcd_Latn,pcd,pcd,Picard
pck_Latn,pck,pck,Paite Chin
pcm_Latn,pcm,pcm,Nigerian Pidgin
pdc_Latn,pdc,pdc,Pennsylvania German
pdt_Latn,pdt,pdt,Plautdietsch
pem_Latn,pem,pem,Phende
pfe_Latn,pfe,pfe,Pere
pfl_Latn,pfl,pfl,Pfaelzisch
phm_Latn,phm,phm,Phimbi
pib_Latn,pib,pib,Yine
pio_Latn,pio,pio,Piapoco
pir_Latn,pir,pir,Piratapuyo
pis_Latn,pis,pis,Pijin
pjt_Latn,pjt,pjt,Pitjantjatjara
pkb_Latn,pkb,pkb,Pokomo
plg_Latn,plg,plg,Pilagá
pls_Latn,pls,pls,San Marcos Tlacoyalco Popoloca
plt_Latn,plt,plt,Plateau Malagasy
plu_Latn,plu,plu,Palikúr
plw_Latn,plw,plw,Brooke's Point Palawano
pma_Latn,pma,pma,Paama
pmf_Latn,pmf,pmf,Pamona
pmq_Latn,pmq,pmq,Northern Pame
pms_Latn,pms,pms,Piemontese
pmx_Latn,pmx,pmx,Poumei Naga
pnb_Arab,pnb,pnb,Western Panjabi
pne_Latn,pne,pne,Western Penan
pnt_Grek,pnt,pnt,Pontic
pny_Latn,pny,pny,Pinyin
poe_Latn,poe,poe,San Juan Atzingo Popoloca
poh_Latn,poh,poh,Poqomchi'
poi_Latn,poi,poi,Highland Popoluca
pol_Latn,pol,pl,Polish
pon_Latn,pon,pon,Pohnpeian
por_Latn,por,pt,Portuguese
pos_Latn,pos,pos,Sayula Popoluca
pot_Latn,pot,pot,Potawatomi
pov_Latn,pov,pov,Upper Guinea Crioulo
poy_Latn,poy,poy,Pogolo
ppk_Latn,ppk,ppk,Uma
ppo_Latn,ppo,ppo,Folopa
pps_Latn,pps,pps,San Luís Temalacayuca Popoloca
prf_Latn,prf,prf,Paranan
prg_Latn,prg,prg,Prussian
pri_Latn,pri,pri,Paicî
prq_Latn,prq,prq,Ashéninka Perené
pse_Latn,pse,pse,Central Malay
pss_Latn,pss,pss,Kaulong
ptp_Latn,ptp,ptp,Patep
ptu_Latn,ptu,ptu,Bambam
pua_Latn,pua,pua,Western Highland Purepecha
pui_Latn,pui,pui,Puinave
pwg_Latn,pwg,pwg,Gapapaiwa
pwn_Latn,pwn,pwn,Paiwan
pww_Thai,pww,pww,Pwo Northern Karen
pxm_Latn,pxm,pxm,Quetzaltepec Mixe
qub_Latn,qub,qub,Huallaga Huánuco Quechua
quc_Latn,quc,quc,K'iche'
quf_Latn,quf,quf,Lambayeque Quechua
qug_Latn,qug,qug,Chimborazo Highland Quichua
quh_Latn,quh,quh,South Bolivian Quechua
qul_Latn,qul,qul,North Bolivian Quechua
qup_Latn,qup,qup,Southern Pastaza Quechua
qus_Latn,qus,qus,Santiago del Estero Quichua
quw_Latn,quw,quw,Tena Lowland Quichua
quy_Latn,quy,quy,Ayacucho Quechua
quz_Latn,quz,quz,Cusco Quechua
qva_Latn,qva,qva,Ambo-Pasco Quechua
qvc_Latn,qvc,qvc,Cajamarca Quechua
qve_Latn,qve,qve,Eastern Apurímac Quechua
qvh_Latn,qvh,qvh,Huamalíes-Dos de Mayo Huánuco Quechua
qvi_Latn,qvi,qvi,Imbabura Highland Quichua
qvm_Latn,qvm,qvm,Margos-Yarowilca-Lauricocha Quechua
qvn_Latn,qvn,qvn,North Junín Quechua
qvo_Latn,qvo,qvo,Napo Lowland Quechua
qvs_Latn,qvs,qvs,San Martín Quechua
qvw_Latn,qvw,qvw,Huaylla Wanca Quechua
qvz_Latn,qvz,qvz,Northern Pastaza Quichua
qwh_Latn,qwh,qwh,Huaylas Ancash Quechua
qxh_Latn,qxh,qxh,Panao Huánuco Quechua
qxl_Latn,qxl,qxl,Salasaca Highland Quichua
qxn_Latn,qxn,qxn,Northern Conchucos Ancash Quechua
qxo_Latn,qxo,qxo,Southern Conchucos Ancash Quechua
qxr_Latn,qxr,qxr,Cañar Highland Quichua
rad_Latn,rad,rad,Rade
rai_Latn,rai,rai,Ramoaaina
rap_Latn,rap,rap,Rapanui
rar_Latn,rar,rar,Rarotongan
rav_Deva,rav,rav,Sampang
raw_Latn,raw,raw,Rawang
rcf_Latn,rcf,rcf,Réunion Creole French
rej_Latn,rej,rej,Rejang
rel_Latn,rel,rel,Rendille
rgu_Latn,rgu,rgu,Ringgou
rhg_Latn,rhg,rhg,Rohingya
ria_Latn,ria,ria,Riang (India)
rim_Latn,rim,rim,Nyaturu
rjs_Deva,rjs,rjs,Rajbanshi
rkb_Latn,rkb,rkb,Rikbaktsa
rmc_Latn,rmc,rmc,Carpathian Romani
rme_Latn,rme,rme,Angloromani
rml_Latn,rml,rml,Baltic Romani
rmn_Cyrl,rmn,rmn,Balkan Romani
rmn_Grek,rmn,rmn,Balkan Romani
rmn_Latn,rmn,rmn,Balkan Romani
rmo_Latn,rmo,rmo,Sinte Romani
rmq_Latn,rmq,rmq,Caló
rmy_Cyrl,rmy,rmy,Vlax Romani
rmy_Latn,rmy,rmy,Vlax Romani
rnd_Latn,rnd,rnd,Ruund
rng_Latn,rng,rng,Ronga
rnl_Latn,rnl,rnl,Ranglong
roh_Latn,roh,rm,Romansh
ron_Cyrl,ron,ro,Romanian
ron_Latn,ron,ro,Romanian
roo_Latn,roo,roo,Rotokas
rop_Latn,rop,rop,Kriol
row_Latn,row,row,Dela-Oenale
rro_Latn,rro,rro,Waima
rtm_Latn,rtm,rtm,Rotuman
rub_Latn,rub,rub,Gungu
rue_Cyrl,rue,rue,Rusyn
ruf_Latn,ruf,ruf,Luguru
rug_Latn,rug,rug,Roviana
run_Latn,run,rn,Rundi
rup_Latn,rup,rup,Macedo-Romanian
rus_Cyrl,rus,ru,Russian
rwo_Latn,rwo,rwo,Rawa
sab_Latn,sab,sab,Buglere
sag_Latn,sag,sg,Sango
sah_Cyrl,sah,sah,Yakut
saj_Latn,saj,saj,Sahu
san_Deva,san,sa,Sanskrit
san_Latn,san,sa,Sanskrit
sas_Latn,sas,sas,Sasak
sat_Latn,sat,sat,Santali
sat_Olck,sat,sat,Santali
say_Latn,say,say,Saya
sba_Latn,sba,sba,Ngambay
sbd_Latn,sbd,sbd,Southern Samo
sbe_Latn,sbe,sbe,Saliba
sbl_Latn,sbl,sbl,Botolan Sambal
sbs_Latn,sbs,sbs,Subiya
sby_Latn,sby,sby,Soli
sck_Deva,sck,sck,Sadri
scn_Latn,scn,scn,Sicilian
sco_Latn,sco,sco,Scots
sda_Latn,sda,sda,Toraja-Sa'dan
sdc_Latn,sdc,sdc,Sassarese Sardinian
sdh_Arab,sdh,sdh,Southern Kurdish
sdo_Latn,sdo,sdo,Bukar-Sadung Bidayuh
sdq_Latn,sdq,sdq,Semandang
seh_Latn,seh,seh,Sena
sel_Cyrl,sel,sel,Selkup
ses_Latn,ses,ses,Koyraboro Senni Songhai
sey_Latn,sey,sey,Secoya
sfw_Latn,sfw,sfw,Sehwi
sgb_Latn,sgb,sgb,Mag-antsi Ayta
sgc_Latn,sgc,sgc,Kipsigis
sgh_Cyrl,sgh,sgh,Shughni
sgs_Latn,sgs,sgs,Samogitian
sgw_Ethi,sgw,sgw,Sebat Bet Gurage
sgz_Latn,sgz,sgz,Sursurunga
shi_Latn,shi,shi,Tachelhit
shk_Latn,shk,shk,Shilluk
shn_Mymr,shn,shn,Shan
shp_Latn,shp,shp,Shipibo-Conibo
shr_Latn,shr,shr,Shi
shu_Arab,shu,shu,Chadian Arabic
sid_Latn,sid,sid,Sidamo
sig_Latn,sig,sig,Paasaal
sil_Latn,sil,sil,Tumulung Sisaala
sim_Latn,sim,sim,Mende (Papua New Guinea)
sin_Sinh,sin,si,Sinhala
sja_Latn,sja,sja,Epena
sjo_Mong,sjo,sjo,Xibe
sju_Latn,sju,sju,Ume Sami
skg_Latn,skg,skg,Sakalava Malagasy
skr_Arab,skr,skr,Saraiki
sld_Latn,sld,sld,Sissala
slk_Latn,slk,sk,Slovak
sll_Latn,sll,sll,Salt-Yui
slv_Latn,slv,sl,Slovenian
sma_Latn,sma,sma,Southern Sami
sme_Latn,sme,se,Northern Sami
smj_Latn,smj,smj,Lule Sami
smk_Latn,smk,smk,Bolinao
sml_Latn,sml,sml,Central Sama
smn_Latn,smn,smn,Inari Sami
smo_Latn,smo,sm,Samoan
sms_Latn,sms,sms,Skolt Sami
smt_Latn,smt,smt,Simte
sna_Latn,sna,sn,Shona
snc_Latn,snc,snc,Sinaugoro
snd_Arab,snd,sd,Sindhi
snd_Deva,snd,sd,Sindhi
snd_Latn,snd,sd,Sindhi
snf_Latn,snf,snf,Noon
snn_Latn,snn,snn,Siona
snp_Latn,snp,snp,Siane
snw_Latn,snw,snw,Selee
sny_Latn,sny,sny,Saniyo-Hiyewe
soe_Latn,soe,soe,Songomeno
som_Latn,som,so,Somali
sop_Latn,sop,sop,Songe
soq_Latn,soq,soq,Kanasi
sot_Latn,sot,st,Southern Sotho
soy_Latn,soy,soy,Miyobe
spa_Latn,spa,es,Spanish
spl_Latn,spl,spl,Selepet
spm_Latn,spm,spm,Akukem
spp_Latn,spp,spp,Supyire Senoufo
sps_Latn,sps,sps,Saposa
spy_Latn,spy,spy,Sabaot
srd_Latn,srd,sc,Sardinian
sri_Latn,sri,sri,Siriano
srm_Latn,srm,srm,Saramaccan
srn_Latn,srn,srn,Sranan Tongo
srp_Cyrl,srp,sr,Serbian
srp_Latn,srp,sr,Serbian
srq_Latn,srq,srq,Sirionó
srr_Latn,srr,srr,Serer
ssd_Latn,ssd,ssd,Siroi
ssg_Latn,ssg,ssg,Seimat
ssw_Latn,ssw,ss,Swati
ssx_Latn,ssx,ssx,Samberigi
stn_Latn,stn,stn,Owa
stp_Latn,stp,stp,Southeastern Tepehuan
stq_Latn,stq,stq,Saterfriesisch
sua_Latn,sua,sua,Sulka
suc_Latn,suc,suc,Western Subanon
sue_Latn,sue,sue,Suena
suk_Latn,suk,suk,Sukuma
sun_Latn,sun,su,Sundanese
sur_Latn,sur,sur,Mwaghavul
sus_Arab,sus,sus,Susu
sus_Latn,sus,sus,Susu
suz_Deva,suz,suz,Sunwar
swb_Latn,swb,swb,Maore Comorian
swc_Latn,swc,swc,Congo Swahili
swe_Latn,swe,sv,Swedish
swg_Latn,swg,swg,Swabian
swh_Latn,swh,swh,Swahili (individual language)
swk_Latn,swk,swk,Malawi Sena
swp_Latn,swp,swp,Suau
sxb_Latn,sxb,sxb,Suba
sxn_Latn,sxn,sxn,Sangir
syb_Latn,syb,syb,Central Subanen
syc_Syrc,syc,syc,Classical Syriac
syl_Beng,syl,syl,Sylheti
syl_Latn,syl,syl,Sylheti
szb_Latn,szb,szb,Ngalum
szl_Latn,szl,szl,Silesian
szy_Latn,szy,szy,Sakizaya
tab_Cyrl,tab,tab,Tabassaran
tac_Latn,tac,tac,Lowland Tarahumara
tah_Latn,tah,ty,Tahitian
taj_Deva,taj,taj,Eastern Tamang
tam_Latn,tam,ta,Tamil
tam_Taml,tam,ta,Tamil
tap_Latn,tap,tap,Taabwa
taq_Latn,taq,taq,Tamasheq
taq_Tfng,taq,taq,Tamasheq
tar_Latn,tar,tar,Central Tarahumara
tat_Cyrl,tat,tt,Tatar
tat_Latn,tat,tt,Tatar
tav_Latn,tav,tav,Tatuyo
taw_Latn,taw,taw,Tai
tay_Latn,tay,tay,Atayal
tbc_Latn,tbc,tbc,Takia
tbg_Latn,tbg,tbg,North Tairora
tbk_Latn,tbk,tbk,Calamian Tagbanwa
tbl_Latn,tbl,tbl,Tboli
tbo_Latn,tbo,tbo,Tawala
tbw_Latn,tbw,tbw,Tagbanwa
tby_Latn,tby,tby,Tabaru
tbz_Latn,tbz,tbz,Ditammari
tca_Latn,tca,tca,Ticuna
tcc_Latn,tcc,tcc,Datooga
tcf_Latn,tcf,tcf,Malinaltepec Me'phaa
tcs_Latn,tcs,tcs,Torres Strait Creole
tcy_Knda,tcy,tcy,Tulu
tcz_Latn,tcz,tcz,Thado Chin
tdt_Latn,tdt,tdt,Tetun Dili
tdx_Latn,tdx,tdx,Tandroy-Mahafaly Malagasy
ted_Latn,ted,ted,Tepo Krumen
tee_Latn,tee,tee,Huehuetla Tepehua
tel_Latn,tel,te,Telugu
tel_Telu,tel,te,Telugu
tem_Latn,tem,tem,Timne
teo_Latn,teo,teo,Teso
ter_Latn,ter,ter,Tereno
tet_Latn,tet,tet,Tetum
tew_Latn,tew,tew,Tewa (USA)
tfr_Latn,tfr,tfr,Teribe
tgk_Cyrl,tgk,tg,Tajik
tgo_Latn,tgo,tgo,Sudest
tgp_Latn,tgp,tgp,Tangoa
tha_Thai,tha,th,Thai
thk_Latn,thk,thk,Tharaka
thl_Deva,thl,thl,Dangaura Tharu
thv_Latn,thv,thv,Tahaggart Tamahaq
tif_Latn,tif,tif,Tifal
tig_Ethi,tig,tig,Tigre
tih_Latn,tih,tih,Timugon Murut
tik_Latn,tik,tik,Tikar
tim_Latn,tim,tim,Timbe
tir_Ethi,tir,ti,Tigrinya
tiv_Latn,tiv,tiv,Tiv
tiy_Latn,tiy,tiy,Tiruray
tke_Latn,tke,tke,Takwane
tkl_Latn,tkl,tkl,Tokelau
tkr_Cyrl,tkr,tkr,Tsakhur
tku_Latn,tku,tku,Upper Necaxa Totonac
tlb_Latn,tlb,tlb,Tobelo
tlf_Latn,tlf,tlf,Telefol
tlh_Latn,tlh,tlh,Klingon
tlj_Latn,tlj,tlj,Talinga-Bwisi
tll_Latn,tll,tll,Tetela
tly_Latn,tly,tly,Talysh
tmc_Latn,tmc,tmc,Tumak
tmd_Latn,tmd,tmd,Haruai
tna_Latn,tna,tna,Tacana
tnc_Latn,tnc,tnc,Tanimuca-Retuarã
tnk_Latn,tnk,tnk,Kwamera
tnn_Latn,tnn,tnn,North Tanna
tnp_Latn,tnp,tnp,Whitesands
tnr_Latn,tnr,tnr,Ménik
tob_Latn,tob,tob,Toba
toc_Latn,toc,toc,Coyutla Totonac
tod_Latn,tod,tod,Toma
tog_Latn,tog,tog,Tonga (Nyasa)
toh_Latn,toh,toh,Gitonga
toi_Latn,toi,toi,Tonga (Zambia)
toj_Latn,toj,toj,Tojolabal
tok_Latn,tok,tok,Toki Pona
ton_Latn,ton,to,Tonga (Tonga Islands)
too_Latn,too,too,Xicotepec De Juárez Totonac
top_Latn,top,top,Papantla Totonac
tos_Latn,tos,tos,Highland Totonac
tpa_Latn,tpa,tpa,Taupota
tpi_Latn,tpi,tpi,Tok Pisin
tpm_Latn,tpm,tpm,Tampulma
tpn_Latn,tpn,tpn,Tupinambá
tpp_Latn,tpp,tpp,Pisaflores Tepehua
tpt_Latn,tpt,tpt,Tlachichilco Tepehua
tpw_Latn,tpw,tpw,Tupí
tpz_Latn,tpz,tpz,Tinputz
tqo_Latn,tqo,tqo,Toaripi
trc_Latn,trc,trc,Copala Triqui
trn_Latn,trn,trn,Trinitario
tro_Latn,tro,tro,Tarao Naga
trp_Latn,trp,trp,Kok Borok
trq_Latn,trq,trq,San Martín Itunyoso Triqui
trs_Latn,trs,trs,Chicahuaxtla Triqui
trv_Latn,trv,trv,Sediq
tsc_Latn,tsc,tsc,Tswa
tsg_Latn,tsg,tsg,Tausug
tsn_Latn,tsn,tn,Tswana
tso_Latn,tso,ts,Tsonga
tsw_Latn,tsw,tsw,Tsishingini
tsz_Latn,tsz,tsz,Purepecha
ttc_Latn,ttc,ttc,Tektiteko
tte_Latn,tte,tte,Bwanabwana
ttj_Latn,ttj,ttj,Tooro
ttq_Latn,ttq,ttq,Tawallammat Tamajaq
ttq_Tfng,ttq,ttq,Tawallammat Tamajaq
tuc_Latn,tuc,tuc,Mutu
tue_Latn,tue,tue,Tuyuca
tuf_Latn,tuf,tuf,Central Tunebo
tui_Latn,tui,tui,Tupuri
tuk_Arab,tuk,tk,Turkmen
tuk_Cyrl,tuk,tk,Turkmen
tuk_Latn,tuk,tk,Turkmen
tul_Latn,tul,tul,Tula
tum_Latn,tum,tum,Tumbuka
tuo_Latn,tuo,tuo,Tucano
tur_Latn,tur,tr,Turkish
tuv_Latn,tuv,tuv,Turkana
tvk_Latn,tvk,tvk,Southeast Ambrym
tvl_Latn,tvl,tvl,Tuvalu
twb_Latn,twb,twb,Western Tawbuid
twi_Latn,twi,tw,Twi
twu_Latn,twu,twu,Termanu
twx_Latn,twx,twx,Tewe
txq_Latn,txq,txq,Tii
txu_Latn,txu,txu,Kayapó
tyv_Cyrl,tyv,tyv,Tuvinian
tzh_Latn,tzh,tzh,Tzeltal
tzj_Latn,tzj,tzj,Tz'utujil
tzl_Latn,tzl,tzl,Talossan
tzm_Tfng,tzm,tzm,Central Atlas Tamazight
tzo_Latn,tzo,tzo,Tzotzil
ubr_Latn,ubr,ubr,Ubir
ubu_Latn,ubu,ubu,Umbu-Ungu
udm_Cyrl,udm,udm,Udmurt
udu_Latn,udu,udu,Uduk
uig_Arab,uig,ug,Uighur
uig_Cyrl,uig,ug,Uighur
uig_Latn,uig,ug,Uighur
ukr_Cyrl,ukr,uk,Ukrainian
umb_Latn,umb,umb,Umbundu
und_Adlm,und,und,Undetermined
und_Aghb,und,und,Undetermined
und_Ahom,und,und,Undetermined
und_Armi,und,und,Undetermined
und_Armn,und,und,Undetermined
und_Avst,und,und,Undetermined
und_Bali,und,und,Undetermined
und_Bamu,und,und,Undetermined
und_Bass,und,und,Undetermined
und_Batk,und,und,Undetermined
und_Beng,und,und,Undetermined
und_Bhks,und,und,Undetermined
und_Bopo,und,und,Undetermined
und_Brah,und,und,Undetermined
und_Brai,und,und,Undetermined
und_Bugi,und,und,Undetermined
und_Buhd,und,und,Undetermined
und_Cakm,und,und,Undetermined
und_Cans,und,und,Undetermined
und_Cari,und,und,Undetermined
und_Cham,und,und,Undetermined
und_Cher,und,und,Undetermined
und_Chrs,und,und,Undetermined
und_Copt,und,und,Undetermined
und_Cpmn,und,und,Undetermined
und_Cprt,und,und,Undetermined
und_Cyrl,und,und,Undetermined
und_Deva,und,und,Undetermined
und_Diak,und,und,Undetermined
und_Dogr,und,und,Undetermined
und_Dsrt,und,und,Undetermined
und_Dupl,und,und,Undetermined
und_Egyp,und,und,Undetermined
und_Elba,und,und,Undetermined
und_Elym,und,und,Undetermined
und_Ethi,und,und,Undetermined
und_Geor,und,und,Undetermined
und_Glag,und,und,Undetermined
und_Gong,und,und,Undetermined
und_Gonm,und,und,Undetermined
und_Goth,und,und,Undetermined
und_Gran,und,und,Undetermined
und_Grek,und,und,Undetermined
und_Gujr,und,und,Undetermined
und_Guru,und,und,Undetermined
und_Hano,und,und,Undetermined
und_Hatr,und,und,Undetermined
und_Hebr,und,und,Undetermined
und_Hira,und,und,Undetermined
und_Hluw,und,und,Undetermined
und_Hmng,und,und,Undetermined
und_Hmnp,und,und,Undetermined
und_Hung,und,und,Undetermined
und_Ital,und,und,Undetermined
und_Java,und,und,Undetermined
und_Kali,und,und,Undetermined
und_Kana,und,und,Undetermined
und_Kawi,und,und,Undetermined
und_Khar,und,und,Undetermined
und_Khmr,und,und,Undetermined
und_Khoj,und,und,Undetermined
und_Kits,und,und,Undetermined
und_Knda,und,und,Undetermined
und_Kthi,und,und,Undetermined
und_Lana,und,und,Undetermined
und_Laoo,und,und,Undetermined
und_Lepc,und,und,Undetermined
und_Limb,und,und,Undetermined
und_Lina,und,und,Undetermined
und_Linb,und,und,Undetermined
und_Lisu,und,und,Undetermined
und_Lyci,und,und,Undetermined
und_Lydi,und,und,Undetermined
und_Mahj,und,und,Undetermined
und_Maka,und,und,Undetermined
und_Mand,und,und,Undetermined
und_Mani,und,und,Undetermined
und_Marc,und,und,Undetermined
und_Medf,und,und,Undetermined
und_Mend,und,und,Undetermined
und_Merc,und,und,Undetermined
und_Mero,und,und,Undetermined
und_Mlym,und,und,Undetermined
und_Modi,und,und,Undetermined
und_Mong,und,und,Undetermined
und_Mroo,und,und,Undetermined
und_Mtei,und,und,Undetermined
und_Mult,und,und,Undetermined
und_Mymr,und,und,Undetermined
und_Nagm,und,und,Undetermined
und_Nand,und,und,Undetermined
und_Narb,und,und,Undetermined
und_Nbat,und,und,Undetermined
und_Newa,und,und,Undetermined
und_Nkoo,und,und,Undetermined
und_Nshu,und,und,Undetermined
und_Ogam,und,und,Undetermined
und_Olck,und,und,Undetermined
und_Orkh,und,und,Undetermined
und_Orya,und,und,Undetermined
und_Osge,und,und,Undetermined
und_Osma,und,und,Undetermined
und_Ougr,und,und,Undetermined
und_Palm,und,und,Undetermined
und_Pauc,und,und,Undetermined
und_Perm,und,und,Undetermined
und_Phag,und,und,Undetermined
und_Phli,und,und,Undetermined
und_Phlp,und,und,Undetermined
und_Phnx,und,und,Undetermined
und_Plrd,und,und,Undetermined
und_Prti,und,und,Undetermined
und_Rjng,und,und,Undetermined
und_Rohg,und,und,Undetermined
und_Runr,und,und,Undetermined
und_Samr,und,und,Undetermined
und_Sarb,und,und,Undetermined
und_Saur,und,und,Undetermined
und_Sgnw,und,und,Undetermined
und_Shaw,und,und,Undetermined
und_Shrd,und,und,Undetermined
und_Sidd,und,und,Undetermined
und_Sind,und,und,Undetermined
und_Sinh,und,und,Undetermined
und_Sogd,und,und,Undetermined
und_Sogo,und,und,Undetermined
und_Sora,und,und,Undetermined
und_Soyo,und,und,Undetermined
und_Sund,und,und,Undetermined
und_Sylo,und,und,Undetermined
und_Syrc,und,und,Undetermined
und_Tagb,und,und,Undetermined
und_Takr,und,und,Undetermined
und_Tale,und,und,Undetermined
und_Talu,und,und,Undetermined
und_Taml,und,und,Undetermined
und_Tang,und,und,Undetermined
und_Tavt,und,und,Undetermined
und_Telu,und,und,Undetermined
und_Tfng,und,und,Undetermined
und_Tglg,und,und,Undetermined
und_Thaa,und,und,Undetermined
und_Thai,und,und,Undetermined
und_Tibt,und,und,Undetermined
und_Tirh,und,und,Undetermined
und_Tnsa,und,und,Undetermined
und_Toto,und,und,Undetermined
und_Ugar,und,und,Undetermined
und_Vaii,und,und,Undetermined
und_Vith,und,und,Undetermined
und_Wara,und,und,Undetermined
und_Wcho,und,und,Undetermined
und_Xpeo,und,und,Undetermined
und_Xsux,und,und,Undetermined
und_Yezi,und,und,Undetermined
und_Yiii,und,und,Undetermined
und_Zanb,und,und,Undetermined
upv_Latn,upv,upv,Uripiv-Wala-Rano-Atchin
ura_Latn,ura,ura,Urarina
urb_Latn,urb,urb,Urubú-Kaapor
urd_Arab,urd,ur,Urdu
urd_Latn,urd,ur,Urdu
urh_Latn,urh,urh,Urhobo
uri_Latn,uri,uri,Urim
urk_Thai,urk,urk,Urak Lawoi'
urt_Latn,urt,urt,Urat
urw_Latn,urw,urw,Sop
ury_Latn,ury,ury,Orya
usa_Latn,usa,usa,Usarufa
usp_Latn,usp,usp,Uspanteco
uth_Latn,uth,uth,ut-Hun
uvh_Latn,uvh,uvh,Uri
uvl_Latn,uvl,uvl,Lote
uzn_Cyrl,uzn,uzn,Northern Uzbek
uzn_Latn,uzn,uzn,Northern Uzbek
uzs_Arab,uzs,uzs,Southern Uzbek
vag_Latn,vag,vag,Vagla
vap_Latn,vap,vap,Vaiphei
var_Latn,var,var,Huarijio
vec_Latn,vec,vec,Venetian
ven_Latn,ven,ve,Venda
vep_Latn,vep,vep,Veps
vid_Latn,vid,vid,Vidunda
vie_Latn,vie,vi,Vietnamese
viv_Latn,viv,viv,Iduna
vls_Latn,vls,vls,Vlaams
vmk_Latn,vmk,vmk,Makhuwa-Shirima
vmw_Latn,vmw,vmw,Makhuwa
vmy_Latn,vmy,vmy,Ayautla Mazatec
vol_Latn,vol,vo,Volapük
vot_Latn,vot,vot,Votic
vro_Latn,vro,vro,Võro
vun_Latn,vun,vun,Vunjo
vut_Latn,vut,vut,Vute
waj_Latn,waj,waj,Waffa
wal_Ethi,wal,wal,Wolaytta
wal_Latn,wal,wal,Wolaytta
wap_Latn,wap,wap,Wapishana
war_Latn,war,war,Waray (Philippines)
wat_Latn,wat,wat,Kaninuwa
way_Latn,way,way,Wayana
wba_Latn,wba,wba,Warao
wbm_Latn,wbm,wbm,Wa
wbp_Latn,wbp,wbp,Warlpiri
wed_Latn,wed,wed,Wedau
wer_Latn,wer,wer,Weri
wes_Latn,wes,wes,Cameroon Pidgin
wew_Latn,wew,wew,Wejewa
whg_Latn,whg,whg,North Wahgi
whk_Latn,whk,whk,Wahau Kenyah
wib_Latn,wib,wib,Southern Toussian
wim_Latn,wim,wim,Wik-Mungkan
wiu_Latn,wiu,wiu,Wiru
wln_Latn,wln,wa,Walloon
wls_Latn,wls,wls,Wallisian
wlv_Latn,wlv,wlv,Wichí Lhamtés Vejoz
wlx_Latn,wlx,wlx,Wali (Ghana)
wmt_Latn,wmt,wmt,Walmajarri
wmw_Latn,wmw,wmw,Mwani
wnc_Latn,wnc,wnc,Wantoat
wnu_Latn,wnu,wnu,Usan
wob_Latn,wob,wob,Wè Northern
wol_Latn,wol,wo,Wolof
wos_Latn,wos,wos,Hanga Hundi
wrk_Latn,wrk,wrk,Garrwa
wrs_Latn,wrs,wrs,Waris
wsg_Telu,wsg,wsg,Adilabad Gondi
wsk_Latn,wsk,wsk,Waskia
wuu_Hani,wuu,wuu,Wu Chinese
wuv_Latn,wuv,wuv,Wuvulu-Aua
wwa_Latn,wwa,wwa,Waama
xal_Cyrl,xal,xal,Kalmyk
xav_Latn,xav,xav,Xavánte
xbi_Latn,xbi,xbi,Kombio
xbr_Latn,xbr,xbr,Kambera
xed_Latn,xed,xed,Hdi
xho_Latn,xho,xh,Xhosa
xla_Latn,xla,xla,Kamula
xmf_Geor,xmf,xmf,Mingrelian
xmm_Latn,xmm,xmm,Manado Malay
xmv_Latn,xmv,xmv,Antankarana Malagasy
xnn_Latn,xnn,xnn,Northern Kankanay
xog_Latn,xog,xog,Soga
xon_Latn,xon,xon,Konkomba
xrb_Latn,xrb,xrb,Eastern Karaboro
xsb_Latn,xsb,xsb,Sambal
xsi_Latn,xsi,xsi,Sio
xsm_Latn,xsm,xsm,Kasem
xsr_Deva,xsr,xsr,Sherpa
xsu_Latn,xsu,xsu,Sanumá
xtd_Latn,xtd,xtd,Diuxi-Tilantongo Mixtec
xtm_Latn,xtm,xtm,Magdalena Peñasco Mixtec
xtn_Latn,xtn,xtn,Northern Tlaxiaco Mixtec
xum_Latn,xum,xum,Umbrian
xuo_Latn,xuo,xuo,Kuo
yaa_Latn,yaa,yaa,Yaminahua
yad_Latn,yad,yad,Yagua
yal_Latn,yal,yal,Yalunka
yam_Latn,yam,yam,Yamba
yan_Latn,yan,yan,Mayangna
yao_Latn,yao,yao,Yao
yap_Latn,yap,yap,Yapese
yaq_Latn,yaq,yaq,Yaqui
yas_Latn,yas,yas,Nugunu (Cameroon)
yat_Latn,yat,yat,Yambeta
yaz_Latn,yaz,yaz,Lokaa
ybb_Latn,ybb,ybb,Yemba
yby_Latn,yby,yby,Yaweyuha
ycn_Latn,ycn,ycn,Yucuna
ydd_Hebr,ydd,ydd,Eastern Yiddish
yim_Latn,yim,yim,Yimchungru Naga
yka_Latn,yka,yka,Yakan
yle_Latn,yle,yle,Yele
yli_Latn,yli,yli,Angguruk Yali
yml_Latn,yml,yml,Iamalele
yom_Latn,yom,yom,Yombe
yon_Latn,yon,yon,Yongkom
yor_Latn,yor,yo,Yoruba
yrb_Latn,yrb,yrb,Yareba
yre_Latn,yre,yre,Yaouré
yrk_Cyrl,yrk,yrk,Nenets
yrl_Latn,yrl,yrl,Nhengatu
yss_Latn,yss,yss,Yessan-Mayo
yua_Latn,yua,yua,Yucateco
yue_Hani,yue,yue,Yue Chinese
yuj_Latn,yuj,yuj,Karkar-Yuri
yup_Latn,yup,yup,Yukpa
yut_Latn,yut,yut,Yopno
yuw_Latn,yuw,yuw,Yau (Morobe Province)
yuz_Latn,yuz,yuz,Yuracare
yva_Latn,yva,yva,Yawa
zaa_Latn,zaa,zaa,Sierra de Juárez Zapotec
zab_Latn,zab,zab,Western Tlacolula Valley Zapotec
zac_Latn,zac,zac,Ocotlán Zapotec
zad_Latn,zad,zad,Cajonos Zapotec
zae_Latn,zae,zae,Yareni Zapotec
zai_Latn,zai,zai,Isthmus Zapotec
zam_Latn,zam,zam,Miahuatlán Zapotec
zao_Latn,zao,zao,Ozolotepec Zapotec
zar_Latn,zar,zar,Rincón Zapotec
zas_Latn,zas,zas,Santo Domingo Albarradas Zapotec
zat_Latn,zat,zat,Tabaa Zapotec
zav_Latn,zav,zav,Yatzachi Zapotec
zaw_Latn,zaw,zaw,Mitla Zapotec
zca_Latn,zca,zca,Coatecas Altas Zapotec
zdj_Latn,zdj,zdj,Ngazidja Comorian
zea_Latn,zea,zea,Zeeuws
zgh_Tfng,zgh,zgh,Standard Moroccan Tamazight
zho_Hans,zho,zh,Chinese
zho_Hant,zho,zh,Traditional Chinese
zho_Hani,zho,zh,Chinese
zia_Latn,zia,zia,Zia
ziw_Latn,ziw,ziw,Zigula
zne_Latn,zne,zne,Zande (individual language)
zoc_Latn,zoc,zoc,Copainalá Zoque
zom_Latn,zom,zom,Zou
zos_Latn,zos,zos,Francisco León Zoque
zpa_Latn,zpa,zpa,Lachiguiri Zapotec
zpc_Latn,zpc,zpc,Choapan Zapotec
zpg_Latn,zpg,zpg,Guevea De Humboldt Zapotec
zpi_Latn,zpi,zpi,Santa María Quiegolani Zapotec
zpj_Latn,zpj,zpj,Quiavicuzas Zapotec
zpl_Latn,zpl,zpl,Lachixío Zapotec
zpm_Latn,zpm,zpm,Mixtepec Zapotec
zpo_Latn,zpo,zpo,Amatlán Zapotec
zpq_Latn,zpq,zpq,Zoogocho Zapotec
zpt_Latn,zpt,zpt,San Vicente Coatlán Zapotec
zpu_Latn,zpu,zpu,Yalálag Zapotec
zpv_Latn,zpv,zpv,Chichicapan Zapotec
zpz_Latn,zpz,zpz,Texmelucan Zapotec
zsm_Arab,zsm,zsm,Standard Malay
zsm_Latn,zsm,zsm,Standard Malay
zsr_Latn,zsr,zsr,Southern Rincon Zapotec
ztq_Latn,ztq,ztq,Quioquitani-Quierí Zapotec
zty_Latn,zty,zty,Yatee Zapotec
zul_Latn,zul,zu,Zulu
zxx_Arab,zxx,zxx,No linguistic content
zxx_Latn,zxx,zxx,No linguistic content
zxx_Zzzz,zxx,zxx,No linguistic content
zyb_Latn,zyb,zyb,Yongbei Zhuang
zyp_Latn,zyp,zyp,Zyphe Chin
